0,,1,,2,,3,,4,
361.8252474,-258.1591941,344.6074327,-349.8700558,377.1552778,-395.0828784,424.3507375,-230.5062238,382.3543091,-330.6944626
360.8555911,-259.4464348,344.0109579,-351.2677186,378.6870099,-395.3521179,422.798365,-230.7312823,383.9390391,-330.547848
359.8506478,-260.7063096,343.2246987,-352.5681192,380.2287617,-395.5561809,421.2451655,-230.9505652,385.5197409,-330.3625894
358.8520318,-261.9711757,342.2557324,-353.7387371,381.7748767,-395.724048,419.6916145,-231.1673426,387.0991378,-330.1663287
357.8828316,-263.2587212,341.123284,-354.7520496,383.3244215,-395.8565774,418.1384157,-231.3866275,388.683315,-330.0137006
356.9361796,-264.5629749,339.8554645,-355.5898374,384.877502,-395.9376356,416.5860241,-231.611556,390.2739017,-329.9603447
355.9733751,-265.8553637,338.4845727,-356.245531,386.4326476,-395.9498021,415.0343943,-231.8416823,391.8635674,-330.0367547
354.9389502,-267.0911214,337.0417016,-356.7224141,387.986489,-395.8848332,413.4829956,-232.0733617,393.4423085,-330.2381259
353.7874786,-268.2185644,335.5529876,-357.0274167,389.5353044,-395.7440289,411.9309583,-232.3007255,395.0056109,-330.5365439
352.504535,-269.1938083,334.0394907,-357.1638455,391.0758237,-395.5308225,410.3772522,-232.5163892,396.5533122,-330.9074472
351.1076252,-269.9974258,332.5202856,-357.1280785,392.6040499,-395.2424082,408.8210012,-232.7128389,398.0807691,-331.3545511
349.6301292,-270.6410321,331.0159635,-356.9130267,394.113114,-394.8664065,407.2619753,-232.8858853,399.5686727,-331.9195487
348.1035019,-271.1573803,329.5489499,-356.5166858,395.5916065,-394.3840186,405.7009169,-233.0395503,400.9721986,-332.6699444
346.5487168,-271.5814329,328.1386375,-355.9507839,397.0232466,-393.7765312,404.1394424,-233.1889614,402.2120522,-333.667727
344.976491,-271.9353767,326.7928737,-355.2449625,398.3877552,-393.030366,402.5799023,-233.3573218,403.1789216,-334.9317823
343.3910612,-272.2244759,325.5003632,-354.4457532,399.6614223,-392.1379329,401.0252893,-233.5662837,403.7601485,-336.4132584
341.7942561,-272.4421217,324.2288911,-353.6134507,400.8155963,-391.0955509,399.478032,-233.8241533,403.8807985,-338.0000875
340.1884726,-272.5785354,322.9325466,-352.8204427,401.8133349,-389.9025755,397.9374241,-234.1192195,403.5374132,-339.5540292
338.5776772,-272.628421,321.568353,-352.1509104,402.6074299,-388.5653977,396.398559,-234.4232279,402.8038492,-340.9663723
336.9664456,-272.5953894,320.1182274,-351.696691,403.1444867,-387.1059013,394.8552959,-234.7039906,401.8055561,-342.2059625
335.3581414,-272.4927893,318.6064469,-351.5430832,403.3776464,-385.568327,393.3046583,-234.9406646,400.6822125,-343.33358
333.7537114,-272.341207,317.1004452,-351.7455574,403.2844892,-384.0159691,391.7479344,-235.1333741,399.5694247,-344.4715203
332.1519935,-272.1632588,315.6893135,-352.3092908,402.8804047,-382.5142115,390.1883734,-235.3015952,398.608546,-345.7401955
330.551198,-271.9772104,314.4485806,-353.1866711,402.2182552,-381.1070075,388.6290971,-235.4723612,397.9552318,-347.1913119
328.9503044,-271.7920011,313.4110937,-354.2970611,401.3745279,-379.8005367,387.0724633,-235.6657321,397.7534628,-348.7698084
327.3494878,-271.6061201,312.560704,-355.5565151,400.432192,-378.5633001,385.5194151,-235.8860927,398.0807029,-350.327127
325.7497958,-271.4108037,311.8491496,-356.8992835,399.4709873,-377.340678,383.9688257,-236.1231419,398.9065254,-351.6874774
324.152708,-271.1952295,311.2217318,-358.2833459,398.5672982,-376.074967,382.4182133,-236.3600215,400.1060546,-352.7334664
322.5599028,-270.9500035,310.6362839,-359.6856714,397.7976037,-374.7235984,380.8654929,-236.5826589,401.5250263,-353.4544531
320.9734622,-270.6664969,310.0694318,-361.0956171,397.2377825,-373.2726812,379.3100614,-236.785501,403.0449215,-353.9267987
319.3968877,-270.3324412,309.5132349,-362.5098003,396.9541397,-371.7436114,377.7526196,-236.9722907,404.6029819,-354.2514386
317.8372564,-269.9265473,308.9683006,-363.9283612,396.9885512,-370.1888373,376.1945032,-237.1533668,406.1749362,-354.5001964
316.3087579,-269.4157585,308.4378297,-365.3523937,397.3464561,-368.6754081,374.637235,-237.3415915,407.7539697,-354.6991678
314.8372828,-268.7585357,307.924132,-366.7825625,397.9968045,-367.2627199,373.0822875,-237.5481029,409.3388931,-354.8437934
313.4633471,-267.9162905,307.4271676,-368.2186317,398.8851282,-365.9861752,371.5306969,-237.7784857,410.9283216,-354.925147
312.2368359,-266.8710085,306.9441882,-369.6594648,399.9515305,-364.8541542,369.9824565,-238.0304115,412.5196683,-354.9487625
311.1970684,-265.6398257,306.4699983,-371.1032145,401.1437687,-363.8555374,368.4361991,-238.2942383,414.1111488,-354.9371594
310.3419561,-264.2738178,305.9977553,-372.5476023,402.4218045,-362.9693766,366.88977,-238.5570474,415.7025566,-354.9187509
309.6061853,-262.8398827,305.5202196,-373.9902486,403.7565601,-362.1712012,365.3414251,-238.8083203,417.2940596,-354.9128701
308.8717973,-261.405299,305.031288,-375.4290723,405.1272362,-361.436421,363.7905982,-239.0437972,418.8855624,-354.9203665
308.013516,-260.0413767,304.5279297,-376.862912,406.5196949,-360.743812,362.2376531,-239.2648751,420.4770791,-354.9241217
306.9519806,-258.8289555,304.0129989,-378.2926372,407.9260966,-360.0799741,360.6830776,-239.4741803,422.0683814,-354.8981852
305.6792036,-257.8405147,303.4991326,-379.7227504,409.3445757,-359.4423489,359.1269037,-239.6712507,423.658003,-354.8207067
304.2425314,-257.1103375,303.012882,-381.1624973,410.777414,-358.8376881,357.5688107,-239.8525112,425.2437087,-354.6848541
302.7061771,-256.6236306,302.5970689,-382.6241488,412.2274481,-358.2755212,356.0087801,-240.0162603,426.824792,-354.5028622
301.1210747,-256.3326368,302.3088712,-384.1162055,413.6947383,-357.7600607,354.4476128,-240.1688288,428.4034724,-354.3011035
299.5166274,-256.1812147,302.2116028,-385.6327003,415.1760422,-357.2863596,352.8869247,-240.3262204,429.983241,-354.1081214
297.9062736,-256.1185194,302.3603129,-387.1449972,416.6673865,-356.8452926,351.3289305,-240.5083028,431.5659871,-353.9412961
296.2948167,-256.0987177,302.7856157,-388.6038538,418.1679823,-356.4367866,349.775827,-240.7282277,433.1511661,-353.7993567
294.6833942,-256.0762578,303.4837342,-389.9535997,419.6828951,-356.0849574,348.2281974,-240.9838917,434.7370569,-353.6656353
293.0733117,-256.0071865,304.4188893,-391.1514032,421.2197796,-355.8466797,346.6836243,-241.2574273,436.3219507,-353.5206394
291.4684825,-255.8601937,305.5368518,-392.1807055,422.7744769,-355.8068222,345.1377534,-241.5234888,437.904912,-353.3558333
289.8730278,-255.6329072,306.7818138,-393.052136,424.3094491,-356.056445,343.5873316,-241.7615843,439.4865813,-353.1790273
288.2839283,-255.3644572,308.1084008,-393.7934008,425.7438541,-356.6570818,342.0320407,-241.9655072,441.068827,-353.0075171
286.6884446,-255.1368297,309.4858409,-394.4352299,426.9745442,-357.6076969,340.4737204,-242.1448418,442.6529321,-352.8541257
285.0785982,-255.0620603,310.896376,-395.0006196,427.9240799,-358.8393004,338.9147389,-242.3183056,444.2385085,-352.7166975
283.4786319,-255.2544376,312.3311861,-395.5012067,428.5845058,-360.2473646,337.3571029,-242.5034442,445.8240661,-352.5790933
281.9591098,-255.7908731,313.7858627,-395.9407233,429.0234927,-361.7394195,335.8019928,-242.7087343,447.4078798,-352.4227408
280.6126655,-256.6762094,315.2567386,-396.322541,429.3487708,-363.2602441,334.2493302,-242.9317929,448.9887882,-352.2392848
279.4977118,-257.839811,316.7392141,-396.6565198,429.658666,-364.7842281,332.6979061,-243.1633036,450.5670386,-352.0342006
278.5896204,-259.1713405,318.228152,-396.9603991,430.010345,-366.2991348,331.146264,-243.3933425,452.143935,-351.8189784
277.7804589,-260.5651778,319.719196,-397.2537448,430.4182788,-367.7998874,329.5936021,-243.6163971,453.7201255,-351.5986286
276.9307674,-261.9345003,321.2101995,-397.5473002,430.8755938,-369.2863324,328.040027,-243.8330034,455.2942756,-351.3641271
275.934312,-263.2009777,322.7024655,-397.8344123,431.3813632,-370.757005,326.4862487,-244.0481457,456.8627772,-351.0944405
274.75169,-264.2957106,324.2002761,-398.0910131,431.9580365,-372.2013638,324.9331454,-244.2681065,458.4198141,-350.7649658
273.4007513,-265.1744348,325.7072848,-398.2863298,432.6508321,-373.5937445,323.3814349,-244.4976857,459.9577791,-350.3556001
271.9250328,-265.8221224,327.2225969,-398.400533,433.5109498,-374.8894315,321.8314865,-244.7388761,461.468441,-349.8547893
270.3682569,-266.2388634,328.741706,-398.4405379,434.5728341,-376.0256349,320.2832708,-244.9909496,462.9451374,-349.2612672
268.7671138,-266.4219603,330.2613536,-398.4440328,435.8374718,-376.9307482,318.7364171,-245.2512505,464.3864631,-348.5863618
267.1567484,-266.3598574,331.7808012,-398.4672137,437.2682815,-377.5401032,317.1903248,-245.5160367,465.8004893,-347.855957
265.5773604,-266.0394729,333.2974926,-398.5611569,438.7994021,-377.8124958,315.6442897,-245.7811564,467.2053022,-347.1079877
264.0746446,-265.4572512,334.8054541,-398.7489996,440.3529682,-377.7418822,314.0976426,-246.0426821,468.6220466,-346.3829172
262.695101,-264.6241679,336.3013112,-399.0168363,441.8605202,-377.3599044,312.5498893,-246.2975788,470.063991,-345.7093612
261.4819383,-263.5633162,337.7896539,-399.3236542,443.281293,-376.7273674,311.0007993,-246.5442217,471.5308707,-345.0919411
260.4738873,-262.3059504,339.2793154,-399.6238897,444.6092557,-375.9178952,309.4503908,-246.7824368,473.0123491,-344.5104096
259.7030233,-260.8907288,340.7755588,-399.8894224,445.8656709,-375.0013153,307.8988137,-247.0129179,474.49541,-343.9329635
259.1870522,-259.3640229,342.2777536,-400.118991,447.0825442,-374.0328783,306.3461913,-247.2362491,475.9702854,-343.3349217
258.9173807,-257.7751943,343.7826482,-400.3300866,448.2870104,-373.0490613,304.7925084,-247.4520789,477.4336251,-342.7091653
258.8500689,-256.1650151,345.28785,-400.5389509,449.4936892,-372.0679556,303.237618,-247.659029,478.8878596,-342.0625338
258.9059218,-254.5543644,346.7939094,-400.7416498,450.70558,-371.0932929,301.6813832,-247.8556139,480.336658,-341.4038163
258.9795918,-252.9444272,348.3045232,-400.9070855,451.9199027,-370.1216638,300.123883,-248.041908,481.780088,-340.7334112
258.9536071,-251.3330462,349.8222145,-400.983847,453.1346296,-369.1505391,298.5655698,-248.2212778,483.2130043,-340.0408196
258.7158667,-249.7391338,351.3402707,-400.9150084,454.3520761,-368.1828243,297.0073725,-248.4016563,484.6262328,-339.3088953
258.1818427,-248.218687,352.8371093,-400.6529051,455.5768376,-367.2243929,295.4509358,-248.5966569,486.0080311,-338.5192338
257.3177567,-246.8584578,354.2774452,-400.1684881,456.8079636,-366.2741471,293.8994011,-248.8274699,487.3442442,-337.6546707
256.1519698,-245.7458629,355.6188109,-399.4543727,458.0289173,-365.3108117,292.3593835,-249.1256408,488.6175163,-336.6998392
254.7617055,-244.930824,356.8201929,-398.5238381,459.1992661,-364.2865498,290.8448816,-249.5341098,489.8074481,-335.6429721
253.2382484,-244.4050926,357.8512817,-397.4075613,460.2499481,-363.1399347,289.3824733,-250.1014232,490.8932202,-334.4793562
251.6530529,-244.11445,358.7010769,-396.1477604,461.0881689,-361.8300784,288.0128853,-250.865994,491.8574209,-333.2131639
250.045941,-243.9943944,359.3827659,-394.7896013,461.6239289,-360.3702372,286.7802994,-251.8360563,492.6871668,-331.8550503
248.4343868,-244.0043678,359.9314575,-393.3724717,461.815395,-358.8269598,285.7072277,-252.9801664,493.3701091,-330.417501
246.828645,-244.1414477,360.3944282,-391.9250744,461.7014047,-357.2758762,284.7705971,-254.2385137,493.8885892,-328.9128038
245.2432133,-244.4304569,360.817691,-390.4655818,461.3900029,-355.7520523,283.903553,-255.5457499,494.2192752,-327.3560391
243.7017959,-244.9006764,361.2344932,-389.0042346,461.0105363,-354.2438662,283.0284455,-256.847512,494.3429316,-325.7693695
242.2336816,-245.565327,361.6600342,-387.5454051,460.6633464,-352.727972,282.0962008,-258.1089999,494.2604412,-324.1800142
240.8648848,-246.4159615,362.0936798,-386.0889627,460.390819,-351.1968327,281.1019115,-259.3222451,494.0035434,-322.6093507
239.613357,-247.4312841,362.5267954,-384.6323648,460.1783084,-349.6561971,280.0708443,-260.5043799,493.6303234,-321.062183
238.4925036,-248.5892433,362.9521325,-383.1734767,459.9814478,-348.1135129,279.0314411,-261.6791639,493.2063047,-319.5281883
237.5167487,-249.8718333,363.3703095,-381.7125181,459.7605263,-346.5740948,277.9931155,-262.8549309,492.7811108,-317.9945341
236.7002946,-251.2612562,363.7907383,-380.2522059,459.4995659,-345.0409435,276.9405945,-264.0180034,492.3716282,-316.4565918
236.0475413,-252.7346995,364.2279168,-378.7968214,459.2027568,-343.5143276,275.8501061,-265.1454909,491.9593661,-314.9193819
235.5431514,-254.2653163,364.6972047,-377.3514701,458.8785198,-341.9933024,274.7174778,-266.2306771,491.5036792,-313.3944995
235.152569,-255.8288571,365.2142773,-375.9225129,458.5272234,-340.4782981,273.5782151,-267.3090736,490.9637217,-311.8973979
234.8359101,-257.409016,365.7988912,-374.5198267,458.1411211,-338.9717924,272.5138764,-268.461489,490.3166522,-310.4433723
234.5663283,-258.9978819,366.4790821,-373.1609086,457.7130225,-337.4766781,271.6525607,-269.7723991,489.5629997,-309.0416082
234.3398175,-260.5934597,367.2900411,-371.8757461,457.2436619,-335.9939951,271.1523036,-271.2588842,488.7193613,-307.6920812
234.1699503,-262.1960473,368.2645606,-370.7097513,456.7410478,-334.5222519,271.1454114,-272.8272168,487.8057228,-306.3889291
234.071627,-263.8046047,369.4180777,-369.7205281,456.2134759,-333.0592708,271.6658212,-274.3067579,486.8350428,-305.1276923
234.0447584,-265.4159525,370.7368983,-368.9656472,455.6629805,-331.6047599,272.6235494,-275.54901,485.8088432,-303.9111995
234.0681306,-267.0273642,372.178261,-368.4843729,455.0843939,-330.1611948,273.8578934,-276.5172518,484.7187998,-302.7515693
234.1062837,-268.6384869,373.6843403,-368.282028,454.4697373,-328.7326166,275.220791,-277.2940686,483.5521251,-301.6690728
234.1237716,-270.2499578,375.2033562,-368.3256218,453.813493,-327.3226574,276.6167737,-278.0093297,482.2978434,-300.6894324
234.0981449,-271.8613203,376.7058827,-368.5531626,453.1146661,-325.93331,277.9945592,-278.7590563,480.951783,-299.8402996
234.0262806,-273.4712885,378.1873462,-368.891678,452.3752949,-324.5651085,279.3351045,-279.5736121,479.5193589,-299.1467223
233.9240672,-275.0796201,379.6575886,-369.2759332,451.5981918,-323.2179808,280.6459288,-280.4351768,478.0156986,-298.6252951
233.8224232,-276.6879909,381.1273743,-369.6619121,450.7866286,-321.8913288,281.9466945,-281.3118197,476.4625717,-298.2778849
233.7617762,-278.2984259,382.6012291,-370.0320797,449.946171,-320.5827898,283.2513564,-282.1826621,474.8824592,-298.0876757
233.7848513,-279.9098266,384.0777935,-370.3912945,449.0864101,-319.2868497,284.5611626,-283.0457555,473.2923417,-298.0206898
233.9274236,-281.5150641,385.5531702,-370.7553384,448.2198933,-317.9954186,285.8692807,-283.9113978,471.7008676,-298.0333942
234.2093605,-283.1017702,387.0238388,-371.1379551,447.3571184,-316.7014886,287.1685034,-284.7903337,470.1101245,-298.0830571
234.6307707,-284.6572691,388.488487,-371.5430182,446.4987249,-315.4046435,288.4558977,-285.6865086,468.5194741,-298.1355476
235.1764783,-286.1736429,389.948482,-371.9645472,445.6280678,-314.1159828,289.7333286,-286.5968295,466.9282657,-298.1669192
235.8266948,-287.6482283,391.4067394,-372.3920445,444.7086764,-312.8616102,291.0058587,-287.5139893,465.3367647,-298.1593017
236.567594,-289.0793979,392.8659784,-372.8161784,443.6906067,-311.6859169,292.2799718,-288.4289486,463.7465233,-298.0955586
237.3960088,-290.4617502,394.3277837,-373.2313818,442.5266635,-310.6544686,293.5608917,-289.3343467,462.160985,-297.9577758
238.3165362,-291.7845421,395.7927081,-373.6354424,441.194664,-309.8517733,294.8468442,-290.2325854,460.5857218,-297.7309437
239.3339747,-293.0343239,397.2606002,-374.0285844,439.7169311,-309.3672833,296.1201892,-291.1486782,459.0273483,-297.4078394
240.4464947,-294.2002752,398.7305412,-374.413997,438.1649783,-309.2683896,297.3369764,-292.1387389,457.4919646,-296.9888612
241.6436768,-295.2791264,400.2005609,-374.7991129,436.6394676,-309.5703195,298.4159187,-293.2773894,455.9859869,-296.4740847
242.9097719,-296.2762135,401.6677126,-375.1950097,435.2271727,-310.2214432,299.2347252,-294.6152165,454.5211809,-295.8517161
244.2295247,-297.2011091,403.1289172,-375.6123136,433.9554874,-311.1168316,299.6544663,-296.1264121,453.1226412,-295.0920476
245.5934064,-298.0596002,404.58254,-376.0553108,432.7759476,-312.1305883,299.5793524,-297.6929956,451.8362579,-294.1549547
246.9999412,-298.8462682,406.0298416,-376.5185533,431.5933668,-313.1406343,299.0153704,-299.1565576,450.7299399,-293.0109016
248.4535634,-299.5420779,407.4746715,-376.9894419,430.3214222,-314.0354005,298.0738504,-300.4112408,449.8821088,-291.6640864
249.9581534,-300.1194236,408.9207583,-377.4564478,428.9244472,-314.718718,296.9136478,-301.4672076,449.3580474,-290.1613858
251.510075,-300.5537432,410.3684769,-377.9183865,427.4225878,-315.1224276,295.6792705,-302.4352476,449.1861412,-288.5792114
253.0966409,-300.8364881,411.8137582,-378.3879005,425.8701246,-315.214666,294.4862511,-303.4536226,449.3484453,-286.995993
254.701706,-300.9812604,413.2501724,-378.883835,424.3306075,-314.994306,293.4374215,-304.6199571,449.7900277,-285.4669395
256.3128746,-301.017768,414.6746115,-379.4131771,422.8635535,-314.4781752,292.6298991,-305.9646911,450.4399413,-284.0141381
257.9239275,-300.9767398,416.0960865,-379.9505832,421.5210857,-313.693088,292.1458687,-307.456691,451.2330769,-282.6343124
259.5323353,-300.8757608,417.5394977,-380.4260989,420.3444665,-312.6761717,292.0359823,-309.0213603,452.1259611,-281.3168466
261.1358844,-300.7151631,419.0287095,-380.7287123,419.3548747,-311.4764603,292.3017843,-310.5672109,453.1038652,-280.0611863
262.7310601,-300.485923,420.5482127,-380.7321279,418.5434748,-310.1496876,292.8893933,-312.0216108,454.1771128,-278.8859849
264.3139745,-300.183391,422.0173693,-380.3445347,417.8714436,-308.7471525,293.7072721,-313.3602067,455.3653434,-277.8272374
265.8833845,-299.8171563,423.3185195,-379.5598589,417.2844672,-307.306967,294.662797,-314.6042255,456.6758873,-276.9243441
267.4429228,-299.4109284,424.3739646,-378.4665755,416.7343597,-305.8523146,295.6973428,-315.7833123,458.0909788,-276.1961026
268.9995985,-298.9938884,425.2123947,-377.1989152,416.1953208,-304.3935202,296.8051258,-316.8939799,459.5738121,-275.6179678
270.5598097,-298.5902841,425.9654195,-375.8788278,415.6675044,-302.9306223,298.0251499,-317.8800019,461.0845928,-275.1173053
272.1268257,-298.2139549,426.7958171,-374.60625,415.1689078,-301.4575157,299.3982016,-318.6382535,462.5872808,-274.5929982
273.7013252,-297.870272,427.8161604,-373.4802695,414.7207221,-299.968309,300.9109761,-319.0523011,464.0424307,-273.9485166
275.2832692,-297.5626669,429.0518111,-372.5958481,414.3305644,-298.4628583,302.4794207,-319.0502333,465.40143,-273.120317
276.8729563,-297.2979791,430.4560994,-372.0152072,413.9766064,-296.9484567,303.9961367,-318.6501715,466.613716,-272.0891999
278.4705755,-297.086397,431.9521153,-371.7483303,413.5969199,-295.4402413,305.4012206,-317.9525759,467.6409321,-270.8735823
280.0751491,-296.9364166,433.4717384,-371.7581612,413.0920764,-293.9691817,306.7100988,-317.087942,468.4660224,-269.5126394
281.6843625,-296.8492729,434.9747213,-371.9826407,412.3509132,-292.6019817,307.9792439,-316.1661466,469.0922669,-268.0495018
283.2956278,-296.8177455,436.4471012,-372.3586792,411.3008388,-291.455035,309.2544111,-315.2526884,469.5353856,-266.5209097
284.9071482,-296.8307894,437.8892699,-372.8376654,409.9591217,-290.6690848,310.5485546,-314.3662665,469.8149272,-264.9541325
286.5179451,-296.8807899,439.305288,-373.3891701,408.4393019,-290.3400899,311.8511641,-313.4923497,469.9496894,-263.368333
288.127151,-296.9680909,440.6990434,-373.9947325,406.8884457,-290.4565875,313.1465505,-312.6077823,469.9584332,-261.7768432
289.7333544,-297.0994964,442.0761454,-374.6372781,405.3983424,-290.9024784,314.4273069,-311.702145,469.8637316,-260.1881458
291.3345489,-297.2820606,443.4468451,-375.2933823,403.9715685,-291.5214767,315.6991616,-310.7840395,469.6949128,-258.6056018
292.928884,-297.5171317,444.8251793,-375.9332763,402.5645248,-292.1838426,316.9765423,-309.8736512,469.4866491,-257.0277652
294.5155399,-297.7994294,446.2234877,-376.5282333,401.1432167,-292.8151304,318.2730513,-308.9907239,469.2724941,-255.4507242
296.094497,-298.1220169,447.6468751,-377.0604162,399.6961365,-293.3849054,319.5944544,-308.1455017,469.0759326,-253.8713964
297.6649986,-298.4835357,449.0925931,-377.5285792,398.2172047,-293.8661551,320.937759,-307.3355331,468.9035633,-252.2892403
299.2238338,-298.8924425,450.5539801,-377.9452668,396.6961925,-294.1911086,322.2939497,-306.5473273,468.7446997,-250.7056681
300.7644976,-299.3652162,452.0248902,-378.326967,395.1416814,-294.2377244,323.6508273,-305.7603039,468.5785036,-249.1228532
302.2776505,-299.9197564,453.5020599,-378.6836762,393.6310099,-293.8691203,324.9951865,-304.9520927,468.3851449,-247.5431295
303.7529703,-300.5682767,454.9853359,-379.0140781,392.3305851,-293.0167171,326.3162222,-304.1063133,468.154607,-245.9683988
305.1817762,-301.3137098,456.476278,-379.307945,391.4329013,-291.7470591,327.6123254,-303.2227904,467.8880943,-244.3993537
306.5589285,-302.1507387,457.9760439,-379.552817,391.0467972,-290.2406228,328.8999379,-302.3268767,467.5919583,-242.8356296
307.8826867,-303.0698884,459.4840563,-379.7403338,391.1399667,-288.6880943,330.21658,-301.4741503,467.2691453,-241.2771936
309.1522826,-304.0625122,460.9982452,-379.8687953,391.5787904,-287.1959345,331.6076419,-300.7492189,466.9146318,-239.7256624
310.3638604,-305.1251796,462.5161451,-379.9412716,392.2123575,-285.7755998,333.0967187,-300.256247,466.5180483,-238.1843518
311.5059769,-306.2621759,464.0356426,-379.9612677,392.9284725,-284.3950964,334.657045,-300.0961949,466.071048,-236.6569008
312.5564847,-307.4843109,465.5549312,-379.9291356,393.6647439,-283.0252279,336.2074757,-300.3336299,465.573379,-235.1451955
313.4832143,-308.8027598,467.0720324,-379.8415562,394.3949636,-281.6521205,337.6409081,-300.9704677,465.0331496,-233.6481703
314.2506068,-310.2198664,468.5844933,-379.6941641,395.1101145,-280.2711046,338.8696252,-301.9455063,464.4618478,-232.1627266
314.8320628,-311.7228575,470.089687,-379.4852216,395.8055205,-278.880043,339.8603886,-303.161647,463.8685541,-230.6859295
315.2235562,-313.2861394,471.5855629,-379.217592,396.4779494,-277.4777314,340.6403341,-304.5226606,463.2575184,-229.2163849
315.4520423,-314.8814375,473.0711309,-378.8976547,397.1287295,-276.0652402,341.2752381,-305.9570601,462.6299496,-227.7538247
315.5758359,-316.4882731,474.5461764,-378.5322629,397.7654547,-274.646357,341.8376568,-307.4213704,461.9877375,-226.2976347
315.6797453,-318.0965368,476.0106394,-378.1265348,398.3970475,-273.2251856,342.3829264,-308.8921449,461.3363113,-224.8455424
315.8679948,-319.6971248,477.4646554,-377.6848328,399.0226962,-271.8013819,342.9404408,-310.3583253,460.6854227,-223.3932083
316.2519744,-321.2622891,478.909789,-377.2148784,399.6202224,-270.3655267,343.5173417,-311.8169895,460.0476977,-221.9350473
316.9257999,-322.7261439,480.3506983,-376.7321122,400.140141,-268.8997726,344.1075709,-313.2703116,459.4339931,-220.4666208
317.9311241,-323.9855142,481.7951668,-376.2601071,400.5090541,-267.3889554,344.7003186,-314.7226075,458.8437988,-218.9885881
319.2324067,-324.9359726,483.2508303,-375.8238944,400.643845,-265.8396475,345.2852532,-316.1780674,458.2515144,-217.511355
320.7312181,-325.5281055,484.7200757,-375.4359011,400.4753629,-264.2936698,345.8548655,-317.6395917,457.5963682,-216.0608554
322.3195842,-325.8011953,486.1970682,-375.0783758,399.9733617,-262.8217898,346.4053684,-319.1084206,456.7900095,-214.6886938
323.9299838,-325.8649329,487.6666188,-374.6911724,399.1587336,-261.4970621,346.9368711,-320.5842316,455.7510711,-213.4831773
325.5414349,-325.8458857,489.0965662,-374.1766853,398.0943385,-260.3631696,347.4522518,-322.0657501,454.4541861,-212.5609607
327.1529703,-325.8396212,490.4201728,-373.4302453,396.8602404,-259.4167306,347.9538676,-323.5519854,452.956362,-212.0234127
328.7636776,-325.8923462,491.5281652,-372.3904715,395.5295171,-258.6117902,348.4386679,-325.0437926,451.3696089,-211.9008697
330.3709734,-326.009717,492.2994974,-371.08139,394.1571236,-257.8801966,348.8944631,-326.5447178,449.7949978,-212.1328613
331.9739058,-326.1763729,492.6667401,-369.60694,392.7813004,-257.1551175,349.30117,-328.0596746,448.274114,-212.6020351
333.5738022,-326.3700201,492.667684,-368.087221,391.428247,-256.388407,349.6393756,-329.5913673,446.795236,-213.190133
335.1734979,-326.5653423,492.4374543,-366.5849247,390.1127524,-255.5588974,349.9043544,-331.1374179,445.3325189,-213.8173034
336.776137,-326.7347735,492.1495565,-365.0928162,388.8350275,-254.6722855,350.118069,-332.6914128,443.8739454,-214.4541033
338.3832131,-326.8548974,491.9513287,-363.5862935,387.5797177,-253.7541987,350.3288171,-334.2458102,442.4250982,-215.1127391
339.993514,-326.9187909,491.9218666,-362.0669962,386.3231545,-252.8378605,350.5930378,-335.7919688,441.0027048,-215.826682
341.6048864,-326.9450374,492.0617553,-360.5537827,385.0486221,-251.9467177,350.9456945,-337.3203764,439.6278092,-216.6282578
343.2162136,-326.9733256,492.3169951,-359.0557086,383.7618961,-251.0731864,351.376462,-338.8287022,438.3168251,-217.5305538
344.8261202,-327.0461897,492.6205502,-357.5667147,382.5009812,-250.162633,351.8282996,-340.3308707,437.0664557,-218.5151798
346.4314474,-327.1878206,492.9259796,-356.0781035,381.3445703,-249.1226286,352.2219175,-341.8492367,435.836383,-219.5252212
348.0298024,-327.3938608,493.2191548,-354.5870199,380.419926,-247.8722795,352.4973286,-343.3933781,434.5483625,-220.4603125
349.6227572,-327.6381456,493.5094204,-353.0953715,379.8848854,-246.412275,352.6564814,-344.9539193,433.1254539,-221.1731982
351.2144863,-327.8902363,493.8118288,-351.60614,379.8616567,-244.857535,352.7836156,-346.5175253,431.5654015,-221.487012
352.8079015,-328.1314571,494.1341465,-350.1210875,380.3595879,-243.3843816,353.0252041,-348.0674474,429.9905395,-221.2596071
354.4031518,-328.3602493,494.4750118,-348.6401818,381.2620937,-242.1176991,353.5325154,-349.551586,428.6093439,-220.4694812
355.9988639,-328.5857785,494.829443,-347.1624648,382.3963203,-241.0533055,354.3911851,-350.8640374,427.5966447,-219.2418583
357.5938985,-328.8160484,495.1933011,-345.6870414,383.6139329,-240.0857937,355.5796863,-351.8874876,426.9858071,-217.7720237
359.1885442,-329.0490193,495.5617283,-344.2127513,384.8198741,-239.1039209,356.9918126,-352.5704438,426.6634365,-216.2132772
360.7845978,-329.2721298,495.9240056,-342.7369344,385.9701659,-238.057263,358.5088735,-352.9699248,426.4570412,-214.6352244
362.3838799,-329.4707222,496.2620024,-341.2553727,387.0668499,-236.9545308,360.0570097,-353.2229887,426.2300513,-213.0600403
363.9862746,-329.6424142,496.5570286,-339.7646686,388.1383487,-235.8273596,361.6052481,-353.474459,425.9230749,-211.4984004
365.5888583,-329.8126169,496.8017694,-338.2648791,389.2083265,-234.6987412,363.1364758,-353.8146227,425.5394868,-209.9537837
367.1836862,-330.0448033,497.0061911,-336.759055,390.2774562,-233.569299,364.640902,-354.2588097,425.1034327,-208.4231685
368.7467461,-330.4374924,497.1864439,-335.2501629,391.3272598,-232.4218906,366.1245815,-354.768007,424.6193438,-206.9070368
370.2158254,-331.099979,497.3373366,-333.7380176,392.3351126,-231.2374743,367.6044347,-355.2881068,424.050819,-205.4204658
371.4747217,-332.1059196,497.4048293,-332.2197746,393.2872157,-230.0077824,369.0928515,-355.7831888,423.3260447,-204.0035122
372.3735257,-333.4433274,497.282506,-330.7050369,394.1818269,-228.7356461,370.5906779,-356.2490798,422.368298,-202.7324646
372.7920273,-334.9994044,496.8489926,-329.2487324,395.0217521,-227.4267591,372.0912244,-356.7061127,421.1399192,-201.7206786
372.7082878,-336.6087053,496.0377751,-327.964075,395.8026546,-226.0818202,373.5858202,-357.1822345,419.6775638,-201.0929799
372.2173603,-338.143801,494.8891569,-326.9694122,396.5058971,-224.6946947,375.0655568,-357.7027233,418.0938624,-200.9368398
371.4861579,-339.5801662,493.5265798,-326.2963384,397.0996883,-223.2573186,376.5184231,-358.2941251,416.535381,-201.259031
370.6890976,-340.9808543,492.0738116,-325.8496931,397.546643,-221.7677411,377.9217838,-358.9949953,415.1166846,-201.9803526
369.9693847,-342.4226882,490.6039827,-325.4640481,397.813526,-220.2356262,379.2319672,-359.8575531,413.872911,-202.9734642
369.4222093,-343.9384619,489.1563529,-325.0022356,397.8791132,-218.6818215,380.3772324,-360.9293454,412.7621821,-204.1133802
369.0856023,-345.5144838,487.7551306,-324.4141027,397.7378085,-217.1330626,381.2661591,-362.2216253,411.708833,-205.3064288
368.9461201,-347.1200341,486.39963,-323.7270542,397.3991846,-215.6151819,381.8189806,-363.6894658,410.6489858,-206.4936943
368.9627355,-348.7315387,485.0663668,-322.9979116,396.885278,-214.1473484,382.0076475,-365.2466359,409.5498335,-207.6446872
369.0961346,-350.337588,483.7336295,-322.2678063,396.2272491,-212.7382183,381.8742808,-366.8096064,408.4035546,-208.7487626
369.328364,-351.9323482,482.3987426,-321.5415873,395.4617865,-211.3844337,381.5124791,-368.3359869,407.2123667,-209.8042281
369.6664163,-353.5080692,481.075033,-320.79523,394.6269043,-210.0723212,381.0273255,-369.8276964,405.9777399,-210.808533
370.1320687,-355.0508908,479.7797547,-320.0005776,393.7570248,-208.7831506,380.5014521,-371.3055103,404.697608,-211.7541469
370.7456991,-356.5410464,478.5230381,-319.1462168,392.8778718,-207.5002917,379.9808042,-372.7851832,403.3689199,-212.6302219
371.513582,-357.9579041,477.3030555,-318.2401631,392.0024246,-206.2148992,379.4798489,-374.2716434,401.9906984,-213.4261058
372.4250671,-359.2869507,476.1108988,-317.2978062,391.1298576,-204.9275461,378.9999381,-375.7650295,400.5647353,-214.1329012
373.4591269,-360.5230363,474.9409588,-316.3280025,390.248974,-203.6458709,378.5498248,-377.2676747,399.0946852,-214.742718
374.5940774,-361.667182,473.7967086,-315.3280232,389.3453995,-202.3800951,378.1570561,-378.7863216,397.5857726,-215.2487692
375.8139718,-362.7202857,472.6855511,-314.2914219,388.4093216,-201.1381647,377.8657024,-380.3276257,396.0455346,-215.6494718
377.1090437,-363.6794223,471.6034165,-313.2245354,387.4403127,-199.9217503,377.7238456,-381.8897808,394.4837426,-215.9556256
378.4719478,-364.5394443,470.5169137,-312.161984,386.4478551,-198.724386,377.7685625,-383.4577259,392.9103235,-216.1950319
379.8939094,-365.2978512,469.36045,-311.1760041,385.448279,-197.5329584,378.0164089,-385.0066157,391.3331757,-216.4084569
381.3639941,-365.958172,468.0665175,-310.3791901,384.4590849,-196.332905,378.4635338,-386.5101441,389.7580472,-216.636201
382.8713826,-366.5282224,466.6216114,-309.909096,383.4906943,-195.1160077,379.0932335,-387.9468093,388.1888412,-216.9017112
384.4080221,-367.0139335,465.1025023,-309.8791197,382.5360509,-193.8882762,379.8848861,-389.3009916,386.6258542,-217.2017491
385.9692786,-367.4134948,463.6473197,-310.3164526,381.5622172,-192.6756646,380.8193608,-390.5608608,385.0642616,-217.5089649
387.5520664,-367.7167045,462.3717595,-311.1424837,380.5132283,-191.5274549,381.8797972,-391.7167056,383.4969,-217.7851638
389.1519251,-367.9105841,461.2993773,-312.2193958,379.3321359,-190.515759,383.0497018,-392.7616088,381.9196582,-217.9977714
390.7616507,-367.987586,460.3653839,-313.4181879,377.9952804,-189.7213813,384.311242,-393.6938239,380.3337314,-218.1310231
392.372798,-367.9505383,459.4786724,-314.6522554,376.5316348,-189.1960674,385.6456518,-394.5183684,378.7431903,-218.1868504
393.9782908,-367.8106404,458.5766833,-315.8752285,375.0020419,-188.9146688,387.0357012,-395.2452064,377.151702,-218.1768789
395.5732616,-367.5798907,457.6352302,-317.0681052,373.4548277,-188.7548774,388.468602,-395.8834274,375.5614835,-218.1125908
397.1534139,-367.2631978,456.6470829,-318.2226031,371.9160364,-188.5294183,389.9374146,-396.4339929,373.973882,-218.0010481
398.7124853,-366.8551959,455.5995225,-319.3234874,370.4340975,-188.0583924,391.4396499,-396.8854517,372.3897065,-217.8483787
400.2405853,-366.3432731,454.4690928,-320.3390666,369.1086745,-187.2452252,392.9730554,-397.2158554,370.8085954,-217.6666552
401.7244137,-365.7144688,453.2343109,-321.2247783,368.0460679,-186.1097964,394.5307397,-397.4005103,369.2284394,-217.4768008
403.1496019,-364.9621526,451.8922537,-321.9375501,367.2860491,-184.752875,396.0991964,-397.421287,367.6464394,-217.3030559
404.5043741,-364.0893741,450.4626903,-322.4528922,366.7769403,-183.2832457,397.6606519,-397.2717172,366.0612567,-217.1612619
405.7827673,-363.1081126,448.977321,-322.773771,366.4162676,-181.7704246,399.1969678,-396.9550764,364.4737023,-217.048951
406.9855923,-362.0355523,447.4653828,-322.9265495,366.1117589,-180.245345,400.6913789,-396.4783624,362.8855441,-216.9455448
408.118326,-360.8892148,445.9459212,-322.9495624,365.814893,-178.7187407,402.1278347,-395.8482082,361.2986395,-216.824561
409.1867473,-359.6827122,444.4277824,-322.8821697,365.5159807,-177.1925377,403.4909956,-395.072144,359.7145892,-216.6706146
410.1926004,-358.4235741,442.9133585,-322.7564845,365.2170395,-175.6663442,404.7691371,-394.1628307,358.1334088,-216.4894584
411.1319058,-357.1140455,441.402893,-322.5898385,364.9033316,-174.1430938,405.9581275,-393.1396838,356.5527832,-216.3035821
411.9973041,-355.7545483,439.8980685,-322.3781611,364.5275552,-172.6339254,407.0616369,-392.0248713,354.9701134,-216.1360761
412.7835733,-354.347805,438.4050477,-322.0949819,364.0127661,-171.1663557,408.0850169,-390.8360774,353.3849691,-215.9937688
413.4933613,-352.9009595,436.9373976,-321.7009889,363.2745787,-169.7975364,409.0262841,-389.5812651,351.7989695,-215.8612707
414.1395497,-351.4246077,435.5164928,-321.1622811,362.257501,-168.6211413,409.8707829,-388.2593944,350.2146452,-215.7101867
414.7424846,-349.9300705,434.1654384,-320.466667,360.9697958,-167.7493548,410.5934322,-386.8671796,348.6348287,-215.5176516
415.3236674,-348.4269436,432.8992225,-319.6264306,359.4913947,-167.2670953,411.1672394,-385.4073109,347.0606548,-215.2833281
415.8997043,-346.9218381,431.7211547,-318.6664991,357.9383886,-167.1850015,411.5726788,-383.8920174,345.4882207,-215.0374701
416.4796377,-345.4182291,430.6302197,-317.6085958,356.402274,-167.4285258,411.8018724,-382.3402468,343.908953,-214.840095
417.0661569,-343.9171767,429.6316371,-316.4631224,354.9117017,-167.8724973,411.8557458,-380.7725661,342.3187456,-214.7747108
417.6588443,-342.4185491,428.7399743,-315.2326058,353.4458277,-168.3919537,411.7385888,-379.2083473,340.7354535,-214.9362502
418.2569489,-340.9220754,427.972123,-313.9212607,351.9749572,-168.8970333,411.4566062,-377.6653109,339.2156066,-215.408205
418.8601392,-339.4276444,427.3364514,-312.5409773,350.4853124,-169.3437924,411.022906,-376.1578724,337.8525604,-216.2295359
419.467384,-337.9348562,426.8276004,-311.109069,348.9780019,-169.7267674,410.4650945,-374.6918031,336.742072,-217.3694197
420.0754762,-336.4424127,426.4311592,-309.6420578,347.4598188,-170.0640593,409.8291667,-373.2578653,335.9275211,-218.7366902
420.6789148,-334.9480817,426.1331191,-308.1519414,345.93884,-170.3885475,409.1766981,-371.8313762,335.3655915,-220.2258394
421.2717965,-333.4495317,425.9255481,-306.6465576,344.4264587,-170.7511475,408.5770904,-370.3818975,334.9447497,-221.7607746
421.8507492,-331.9455452,425.8056336,-305.1316689,342.9457513,-171.2269108,408.0978797,-368.8883044,334.5431973,-223.3007549
422.4168828,-330.4366857,425.7727852,-303.6123928,341.5466509,-171.9060004,407.7955734,-367.3491232,334.0819701,-224.8239438
422.9750964,-328.9248785,425.8298017,-302.0938274,340.3182568,-172.8595957,407.7102668,-365.7828453,333.5420708,-226.3211011
423.5308584,-327.4121687,425.988324,-300.5824787,339.3749206,-174.0958111,407.8664421,-364.2220323,332.947161,-227.7972604
424.0865882,-325.8994468,426.2720916,-299.0895758,338.8067105,-175.5433525,408.2775592,-362.7082618,332.3335503,-229.2657281
424.6403448,-324.3860014,426.7109163,-297.634708,338.6258174,-177.0880004,408.9481416,-361.2902391,331.7276559,-230.7373974
425.1879841,-322.8703324,427.325523,-296.244955,338.7554725,-178.6379017,409.8696097,-360.0208659,331.138712,-232.2159355
425.7273587,-321.3517023,428.1129112,-294.9452519,339.0698796,-180.1610566,411.0138841,-358.9479976,330.5636614,-233.6999317
426.2613875,-319.8311832,429.0438745,-293.7441613,339.4491497,-181.6692815,412.3337873,-358.100445,329.9959719,-235.1867588
426.7973093,-318.3113312,430.0747726,-292.6276562,339.8140984,-183.1810372,413.7742686,-357.4794843,329.4315418,-236.6748264
427.342158,-316.7946574,431.1645999,-291.5686185,340.1328221,-184.7032296,415.2873295,-357.0656688,328.8702473,-238.1640797
427.8976277,-315.2818397,432.2877233,-290.5449654,340.4064968,-186.2341632,416.8394492,-356.8387166,328.3152308,-239.6556841
428.4584242,-313.770988,433.4384378,-289.5524196,340.6478571,-187.7705194,418.4075064,-356.7966529,327.7714535,-241.151422
429.0158658,-312.2588971,434.6266184,-288.6050554,340.8665454,-189.3102655,419.9675431,-356.960315,327.2432189,-242.6527186
429.5645509,-310.7436065,435.8664879,-287.7264443,341.0673585,-190.8524442,421.4845558,-357.3591235,326.7306071,-244.159422
430.1071466,-309.2261224,437.1653629,-286.9376733,341.2563988,-192.3961124,422.9132807,-358.006479,326.2268476,-245.66911
430.652842,-307.7097528,438.5196537,-286.2483516,341.4453328,-193.9397937,424.2151244,-358.8814773,325.7195885,-247.177624
431.2091714,-306.1972542,439.9188148,-285.6553641,341.6475486,-195.4817863,425.3818312,-359.9299947,325.1966978,-248.6807888
431.772357,-304.6872878,441.3518335,-285.1496555,341.8673743,-197.021368,426.4462684,-361.0822239,324.6532739,-250.1766549
432.3238208,-303.1729996,442.8110966,-284.725592,342.0882211,-198.5608191,427.4694782,-362.2711722,324.094897,-251.6670065
432.8380707,-301.6456922,444.2922494,-284.3858094,342.2648185,-200.1059972,428.5132787,-363.4420439,323.5346658,-253.1566603
433.3018082,-300.1023054,445.7915498,-284.1381342,342.3218293,-201.6602043,429.6180916,-364.5555314,322.985836,-254.6505497
433.7378694,-298.5508138,447.3035812,-283.986477,342.1616332,-203.2071533,430.797869,-365.5892808,322.4544353,-256.150729
434.2210324,-297.013257,448.8217866,-283.9207895,341.6878833,-204.6883598,432.0493397,-366.5349863,321.9358709,-257.6553961
434.8694134,-295.5377912,450.3413924,-283.9107637,340.8477891,-205.9968961,433.3652329,-367.3887841,321.4170966,-259.1599899
435.8012087,-294.2229956,451.8610319,-283.9047715,339.6735877,-207.0162074,434.7427787,-368.1390658,320.8828928,-260.6591721
437.0665923,-293.2253399,453.3789778,-283.8326215,338.2790066,-207.7043766,436.1836793,-368.7590189,320.3228983,-262.1489123
438.5943612,-292.7132568,454.8824062,-283.6111226,336.7939783,-208.1680254,437.6864044,-369.2087822,319.7361057,-263.6283045
440.2043051,-292.780383,456.3319411,-283.1549055,335.3144858,-208.6479712,439.2367123,-369.4474296,319.1311272,-265.1003553
441.6978653,-293.385539,457.6490067,-282.3969664,333.9534104,-209.3995427,440.805282,-369.4497148,318.5225305,-266.5709124
442.9693,-294.3760692,458.7189786,-281.3180257,332.8979001,-210.5411011,442.3566729,-369.2180236,317.9249871,-268.0459933
444.049842,-295.5719831,459.4209374,-279.9703995,332.3309883,-211.9889061,443.8632221,-368.7811333,317.3475939,-269.5290776
445.0550083,-296.8316504,459.6772988,-278.4726754,332.2943172,-213.543698,445.3120987,-368.1800304,316.7906132,-271.0199501
446.0940388,-298.0634619,459.4934599,-276.9642433,332.6553436,-215.0567974,446.7004707,-367.4499823,316.245995,-272.5153835
447.2186026,-299.2177954,458.9562697,-275.5426477,333.2012695,-216.5131366,448.0248209,-366.6093688,315.7014283,-274.0108344
448.4284497,-300.2824482,458.1921283,-274.2290088,333.7495523,-217.9683238,449.2737707,-365.6603546,315.145995,-275.5022822
449.7014219,-301.2707469,457.3186419,-272.9854894,334.2025356,-219.4560707,450.4289171,-364.5991742,314.5747716,-276.9877549
451.0169626,-302.201618,456.4181609,-271.7614199,334.5520929,-220.9715227,451.4723402,-363.4279605,313.9903708,-278.4680942
452.3643586,-303.0857479,455.5330242,-270.5261904,334.8468181,-222.4985498,452.395331,-362.1596539,313.4009644,-279.9464473
453.7401907,-303.9249386,454.6731578,-269.2732294,335.1432216,-224.0252253,453.2014633,-360.8140353,312.8159312,-281.4265353
455.14268,-304.7187814,453.8312921,-268.008108,335.4715703,-225.545365,453.9009958,-359.4100437,312.2412992,-282.9106926
456.5690831,-305.4688109,452.9989059,-266.73673,335.8289316,-227.0589561,454.500394,-357.960472,311.677278,-284.3989157
458.0175269,-306.1753413,452.1745795,-265.4601108,336.1902888,-228.5715954,454.9938157,-356.4714881,311.1191962,-285.8893759
459.4901652,-306.8299589,451.3626929,-264.1755465,336.5230102,-230.0907859,455.3609219,-354.9464442,310.5612146,-287.3798732
460.9934785,-307.4106762,450.5672294,-262.8807478,336.7972393,-231.6216111,455.571498,-353.3920472,310.0003408,-288.8692849
462.533818,-307.8844899,449.7868564,-261.5767965,336.9928674,-233.1644471,455.5951464,-351.823642,309.437977,-290.3581348
464.1107476,-308.2167627,449.014485,-260.2680898,337.1054604,-234.7155597,455.4128134,-350.2656944,308.8779431,-291.8478621
465.7137561,-308.3825465,448.240531,-258.9603194,337.1498287,-236.2701326,455.0250844,-348.745776,308.3224569,-293.3392913
467.3253001,-308.3735984,447.4569551,-257.6582919,337.156881,-237.8253233,454.4520775,-347.2855697,307.769118,-294.8315193
468.9272074,-308.1973242,446.6598544,-256.3644998,337.1618227,-239.3805097,453.723975,-345.8961729,307.2113969,-296.3221142
470.5049874,-307.8690017,445.8503055,-255.0784595,337.1882228,-240.9354788,452.8676125,-344.5819463,306.6426442,-297.8085339
472.0475666,-307.4024933,445.0340862,-253.7966416,337.2370872,-242.4899158,451.8975035,-343.3492984,306.0608906,-299.2899148
473.5441626,-306.8046883,444.2204342,-252.5131927,337.288352,-244.0442737,450.8168629,-342.2123266,305.4709208,-300.7680437
474.9815958,-306.0760333,443.4194822,-251.2217821,337.3146331,-245.5992424,449.6274481,-341.1897154,304.8819977,-302.2465887
476.3444164,-305.2158845,442.6385266,-249.9181824,337.2990125,-247.1543573,448.3402265,-340.2933238,304.3026729,-303.72892
477.6182656,-304.2287436,441.8786164,-248.6022015,337.2459236,-248.7086564,446.9782655,-339.5151265,303.7360917,-305.2161699
478.7945527,-303.1271502,441.1337335,-247.2776555,337.1786083,-250.2624019,445.5712062,-338.8217612,303.1788576,-306.7069478
479.872942,-301.9295468,440.3937629,-245.9503604,337.1251495,-251.8166752,444.1486683,-338.1607463,302.6240808,-308.1986409
480.8591447,-300.6549545,439.6497662,-244.6253188,337.1018074,-253.371695,442.7386755,-337.4733971,302.0662846,-309.6892076
481.7589254,-299.3179532,438.8981046,-243.3046091,337.1032255,-254.9268997,441.3705388,-336.7061134,301.5046559,-311.178335
482.5720507,-297.9265503,438.1407922,-241.9871313,337.1042757,-256.4821038,440.07871,-335.8163395,300.9426362,-312.6673147
483.2897285,-296.4836005,437.3823952,-240.6702782,337.0711449,-258.0369462,438.9052502,-334.7754285,300.3846686,-314.1578172
483.8966297,-294.9906762,436.6261879,-239.3521662,336.9742471,-259.589118,437.8994422,-333.571754,299.8327538,-315.6505718
484.3760138,-293.4520613,435.8723403,-238.0327031,336.7954034,-261.1339994,437.1136551,-332.2141784,299.2851845,-317.1449262
484.7150696,-291.8765638,435.1189209,-236.7129956,336.5259354,-262.6656805,436.5965129,-330.7332848,298.7379301,-318.6393956
484.9076639,-290.2765417,434.3641753,-235.3940462,336.1580718,-264.1767563,436.3863143,-329.178836,298.187211,-320.1325917
484.9532533,-288.665612,433.6078433,-234.0760057,335.6759312,-265.6553465,436.5068296,-327.6148762,297.6312804,-321.6238554
484.853049,-287.0571548,432.8506634,-232.7584521,335.0523919,-267.0800856,436.9647183,-326.1146058,297.070512,-323.1133068
484.6062255,-285.4645945,432.093125,-231.4411046,334.2550524,-268.4153332,437.7465357,-324.7547526,296.5063749,-324.6014855
484.2090002,-283.9027472,431.3350959,-230.1240395,333.2597985,-269.6103368,438.815641,-323.6069615,295.9404526,-326.0889862
483.6577556,-282.3883947,430.576851,-228.8070986,332.0657679,-270.6067255,440.1128755,-322.7251465,295.3740891,-327.576319
482.9547683,-280.9382449,429.8205787,-227.4890236,330.7028361,-271.3556558,441.5651672,-322.1324288,294.808375,-329.0638988
482.1128963,-279.5640546,429.0711717,-226.167033,329.2247718,-271.8392545,443.1012896,-321.8148305,294.2439745,-330.5519776
481.1554827,-278.2676973,428.3361271,-224.8370028,327.6891872,-272.0855719,444.6674414,-321.7267785,293.6808381,-332.0405353
480.1103526,-277.0409548,427.6253826,-223.4938294,326.1361037,-272.1677061,446.2340501,-321.8061914,293.1183615,-333.5293423
479.0002097,-275.8727224,426.9517044,-222.1316868,324.580983,-272.1865521,447.7917637,-321.9907523,292.5563021,-335.0183069
477.8336472,-274.7608168,426.3310464,-220.7445835,323.0269117,-272.2454189,449.3424359,-322.2272592,291.9959142,-336.5079016
476.6016805,-273.7218344,425.7814709,-219.3278166,321.4823359,-272.4266036,450.8919107,-322.4715037,291.4402683,-337.9992715
475.2843338,-272.7935217,425.3198677,-217.8799993,319.9672676,-272.7775353,452.4462993,-322.682256,290.8932318,-339.4938206
473.8668259,-272.0268958,424.9575951,-216.4041894,318.5063804,-273.3108805,454.0091753,-322.8162155,290.3576561,-340.9925148
472.3552889,-271.4681015,424.6977366,-214.9069445,317.1206437,-274.0168631,455.5777101,-322.8295645,289.833842,-342.4953604
470.7782922,-271.1361923,424.5362183,-213.3959221,315.826449,-274.8792641,457.139748,-322.6864255,289.318815,-344.0012401
469.1716719,-271.0097624,424.4665174,-211.8778904,314.6407859,-275.8856742,458.6757542,-322.3683682,288.8060547,-345.5078937
467.5602179,-271.0314184,424.4851872,-210.3583744,313.5856571,-277.0281869,460.1655293,-321.8773623,288.2854352,-347.0118504
465.9513379,-271.124801,424.5950335,-208.8427202,312.6873328,-278.2976867,461.5942312,-321.2297959,287.7446248,-348.5086632
464.3419976,-271.2098353,424.8044835,-207.3375966,311.9714449,-279.6783142,462.9533523,-320.4466537,287.1745762,-349.9945796
462.7304,-271.2069276,425.1238623,-205.8519133,311.4585104,-281.1464931,464.2382591,-319.5469176,286.5807004,-351.4711395
461.1281784,-271.0332324,425.560621,-204.3964081,311.1635312,-282.6734667,465.4463739,-318.5464319,285.9974867,-352.951994
459.5748487,-270.6038911,426.1158205,-202.9818363,311.09854,-284.2273078,466.5765127,-317.4586278,285.5005624,-354.4640467
458.1500956,-269.8509079,426.7835634,-201.6167756,311.2731427,-285.7726624,467.6255558,-316.2924111,285.2079173,-356.0284712
456.9667813,-268.7570818,427.5536344,-200.3067112,311.6896101,-287.2710357,468.5791851,-315.0469412,285.2584705,-357.6190807
456.1312823,-267.379167,428.4155411,-199.055156,312.3349083,-288.6860135,469.398872,-313.7094859,285.7592178,-359.1295271
455.6879321,-265.8298197,429.3604587,-197.8650367,313.1766361,-289.9937322,470.0130737,-312.2661018,286.7210646,-360.3971847
455.5899579,-264.2211373,430.3779162,-196.7363197,314.1679536,-291.1920598,470.3240436,-310.7286937,288.0385313,-361.2898089
455.7215882,-262.6148529,431.4472856,-195.6566383,315.2595649,-292.2997985,470.2395594,-309.1625188,289.5487522,-361.7923896
455.9506657,-261.0196409,432.5277519,-194.587969,316.4122798,-293.3437855,469.7218703,-307.6819948,291.1244211,-362.0179627
456.1730278,-259.423509,433.5496678,-193.4631396,317.6056071,-294.3410979,468.8201708,-306.3985826,292.7115518,-362.1358091
456.3301023,-257.8196173,434.4090584,-192.2098733,318.8406498,-295.2862814,467.6533774,-305.3500493,294.2962777,-362.2817968
456.4030311,-256.209694,434.9770628,-190.8005607,320.1348469,-296.1486831,466.3552112,-304.4692315,295.8713217,-362.5102963
456.3955442,-254.5981378,435.1416608,-189.2900929,321.5072606,-296.8801532,465.0347574,-303.6225187,297.4360325,-362.8013427
456.318662,-252.988401,434.8678905,-187.7954774,322.960985,-297.4325584,463.7764457,-302.686116,298.998688,-363.102978
456.1836225,-251.3824968,434.2247923,-186.418562,324.4763616,-297.7820483,462.6449689,-301.5997947,300.566332,-363.377517
456.0004683,-249.7813655,433.3489751,-185.1764825,326.0225606,-297.9493018,461.6724278,-300.3690641,302.1378758,-363.6290098
455.7767098,-248.1854021,432.3802668,-184.005614,327.5769357,-298.0016454,460.8496656,-299.033522,303.7053498,-363.9047762
455.5145967,-246.595288,431.420548,-182.8274827,329.1318339,-298.0327863,460.139723,-297.6347581,305.2525914,-364.2775999
455.210581,-245.0126536,430.519537,-181.6037852,330.683932,-298.1302953,459.5030319,-296.2011808,306.7483775,-364.8211972
454.8600271,-243.4396747,429.6750596,-180.3403721,332.2239189,-298.3470774,458.9157147,-294.7466784,308.1429594,-365.5879605
454.4639862,-241.8775223,428.8522601,-179.0627698,333.7407112,-298.6906137,458.3740807,-293.2745525,309.3770948,-366.592755
454.0295964,-240.3255955,428.0153811,-177.7943601,335.2311325,-299.1348465,457.8901236,-291.7824713,310.4056176,-367.8071971
453.5582034,-238.784502,427.1500776,-176.5451498,336.6996644,-299.6467725,457.4848568,-290.267125,311.227046,-369.1703611
453.0254922,-237.2634696,426.2647803,-175.3100244,338.1482984,-300.2125854,457.1823406,-288.7279746,311.9003352,-370.6125425
452.3692517,-235.7914746,425.3782222,-174.0758134,339.5668378,-300.8501345,457.0037177,-287.1695861,312.5323069,-372.0732625
451.5038191,-234.4320007,424.5052117,-172.831985,340.9286927,-301.6011222,456.9606333,-285.6015862,313.2390736,-373.499197
450.3661151,-233.2908014,423.6470536,-171.5778572,342.1928971,-302.5068173,457.0501827,-284.0355438,314.1042288,-374.8349493
448.9669001,-232.4916089,422.7873729,-170.3247613,343.3159278,-303.5825894,457.25534,-282.4804086,315.1574635,-376.0280555
447.3999922,-232.1154369,421.8921349,-169.0967996,344.2722079,-304.8090235,457.5527447,-280.9402511,316.380958,-377.045883
445.7886844,-232.1465262,420.9141323,-167.9336693,345.0693258,-306.1444404,457.9250202,-279.4164591,317.7325127,-377.8862815
444.2106307,-232.4742755,419.8047439,-166.8951313,345.7427802,-307.5462874,458.3714194,-277.9127059,319.168121,-378.5733055
442.6700858,-232.94762,418.5342717,-166.0614231,346.3314661,-308.9857692,458.9108545,-276.4397648,320.6539511,-379.1436239
441.1340723,-233.4351222,417.1140475,-165.5210531,346.8514422,-310.4514826,459.5749728,-275.0186902,322.1683635,-379.6330033
439.5793338,-233.8592447,415.6049191,-165.3435246,347.286044,-311.9447315,460.3942881,-273.6810871,323.6992795,-380.0680042
438.0045944,-234.2018895,414.0993206,-165.5490222,347.5989003,-313.4680957,461.384489,-272.4645568,325.240854,-380.4635738
436.418285,-234.4861698,412.6814926,-166.0958392,347.7639552,-315.014457,462.5397524,-271.4035092,326.7907011,-380.8253729
434.8279509,-234.7469212,411.3896386,-166.8961837,347.7961397,-316.5693472,463.8351958,-270.5190293,328.3477178,-381.1549514
433.2376701,-235.0080092,410.2056715,-167.8488979,347.7611492,-318.1242217,465.235469,-269.8121059,329.910684,-381.4550569
431.6485775,-235.2762443,409.0775933,-168.8670975,347.7528145,-319.6793704,466.7045775,-269.2623265,331.4779075,-381.7320762
430.0600887,-235.5480267,407.9546996,-169.8909743,347.8476529,-321.2315844,468.2130958,-268.8322945,333.0477165,-381.9940433
428.4713202,-235.81817,406.8107749,-170.89132,348.0621269,-322.771939,469.7410002,-268.4772661,334.6192393,-382.2455261
426.881733,-236.0834542,405.6464876,-171.8679126,348.3404912,-324.3021215,471.2767996,-268.1581607,336.1929389,-382.4830168
425.2908638,-236.3409409,404.4786244,-172.8402147,348.5839635,-325.8381065,472.8155827,-267.85376,337.7703879,-382.694169
423.6980267,-236.5859556,403.3267008,-173.8313326,348.7071426,-327.3882859,474.3576644,-267.5664982,339.3530917,-382.8614169
422.1026112,-236.8135706,402.2023078,-174.8535846,348.6941918,-328.9434563,475.9064179,-267.3177548,340.9410734,-382.9674121
420.5046645,-237.0226857,401.1040028,-175.903828,348.6223977,-330.4971731,477.4640551,-267.1327645,342.5322825,-382.9987054
418.9050287,-237.2184687,400.020708,-176.9695406,348.6345566,-332.0523121,479.0285974,-267.0201643,344.1229254,-382.9459398
417.3048839,-237.4100386,398.9430731,-178.0409707,348.8732789,-333.5888805,480.5958625,-266.9547961,345.7079149,-382.801946
415.7050919,-237.604529,397.8765216,-179.1234591,349.412081,-335.0476037,482.1623514,-266.8724165,347.2810477,-382.5607595
414.1056616,-237.8019828,396.8493006,-180.2433651,350.2264042,-336.3725982,483.7191728,-266.6803702,348.8354515,-382.2190804
412.5056756,-237.9948804,395.9137236,-181.440868,351.2236473,-337.5661394,485.2363154,-266.2820255,350.3647641,-381.7784802
410.9038964,-238.1722604,395.1405326,-182.7490529,352.2992568,-338.6894224,486.6522893,-265.6072492,351.8642288,-381.2450551
409.2995606,-238.3247994,394.6035855,-184.1705832,353.3747626,-339.8127178,487.8840694,-264.6361502,353.3301035,-380.6252552
407.6926132,-238.4468032,394.3548997,-185.6696511,354.4116522,-340.9718132,488.8540941,-263.4034907,354.7571497,-379.920644
406.0833945,-238.5338802,394.4003804,-187.1885596,355.4101829,-342.1641343,489.5160859,-261.9814293,356.1363705,-379.1264981
404.4724376,-238.5784755,394.6908741,-188.6801881,356.3924365,-343.369875,489.864114,-260.4519119,357.4559769,-378.2368195
402.8609079,-238.5663183,395.1330531,-190.134136,357.3774453,-344.5733659,489.9239111,-258.8844368,358.7067123,-377.2526656
401.2519464,-238.47448,395.6098598,-191.5770836,358.3659062,-345.774037,489.7370318,-257.3269988,359.8886159,-376.1868117
399.6535072,-238.2689905,395.9976326,-193.0464126,359.341715,-346.985005,489.3485481,-255.8072605,361.0128479,-375.0602882
398.0844906,-237.9008931,396.1785037,-194.5552108,360.2835415,-348.2225759,488.8017055,-254.3370611,362.0945931,-373.8929141
396.5868296,-237.3056227,396.0551329,-196.0697687,361.1766903,-349.4957279,488.1368814,-252.9163084,363.1411965,-372.6939293
395.2422714,-236.4171815,395.5702436,-197.5098797,362.0189736,-350.8030953,487.3911214,-251.5363188,364.1446579,-371.458611
394.1801806,-235.2052555,394.7236808,-198.7717619,362.8185709,-352.136998,486.5966968,-250.1837617,365.0839758,-370.1738608
393.5520501,-233.7213698,393.5741703,-199.7656011,363.5863982,-353.4894359,485.7793171,-248.8449545,365.9358876,-368.8295699
393.4654087,-232.1123731,392.2177157,-200.450654,364.3281379,-354.856356,484.957279,-247.5090034,366.6878292,-367.4268967
393.9158636,-230.5651967,390.7508013,-200.8476177,365.0399112,-356.2391181,484.1421397,-246.1688318,367.3448895,-365.9773373
394.7779974,-229.2035132,389.2410113,-201.0206443,365.7087509,-357.643148,483.3402627,-244.820683,367.9252611,-364.4954073
395.8661112,-228.0143585,387.7215301,-201.0426854,366.3172154,-359.0743714,482.5537229,-243.4635295,368.4468443,-362.9917824
397.0002305,-226.869265,386.2037811,-200.9671004,366.8506636,-360.5352112,481.7795434,-242.0992863,368.9142434,-361.4704399
398.0194268,-225.6210201,384.691355,-200.8193515,367.304513,-362.0227111,481.0082214,-240.7334227,369.3141329,-359.9299758
398.770214,-224.1951259,383.186512,-200.6079575,367.6874925,-363.530021,480.2246131,-239.3745729,369.6205636,-358.3682429
399.1194357,-222.6219504,381.6899064,-200.3444566,368.0177909,-365.0497441,479.4141131,-238.0315992,369.8064348,-356.7876307
398.9871969,-221.0159148,380.1970582,-200.0603112,368.3132058,-366.5766286,478.5732993,-236.7073893,369.8553323,-355.1968766
398.3718517,-219.526538,378.6975732,-199.8134813,368.5810556,-368.1085907,477.7191686,-235.3917018,369.7683793,-353.6077381
397.3481479,-218.2819175,377.1834713,-199.6837835,368.8143945,-369.6461873,476.8895431,-234.0604328,369.5631124,-352.0295071
396.0354637,-217.3469849,375.6657,-199.7583194,368.9970065,-371.1906237,476.1298368,-232.6881315,369.2651246,-350.4661293
394.552931,-216.7149877,374.1869289,-200.1079889,369.1139124,-372.7414157,475.4651087,-231.2674019,368.8965352,-348.9178788
392.9877733,-216.3308572,372.8148676,-200.7609972,369.1608299,-374.2959051,474.865531,-229.8178136,368.4668275,-347.3854654
391.3894096,-216.1248509,371.6112114,-201.6885357,369.1472497,-375.8510477,474.2305692,-228.3832933,367.971196,-345.8730916
389.7803352,-216.0350872,370.5932785,-202.8169098,369.0925879,-377.4052881,473.4208509,-227.0399005,367.3992056,-344.3879315
388.1688963,-216.0141728,369.7192329,-204.0601076,369.0195315,-378.958771,472.3348068,-225.9084156,366.7518833,-342.9340279
386.5573859,-216.0282776,368.9123408,-205.3478193,368.9496344,-380.5123993,470.9769984,-225.1235136,366.0602405,-341.5006201
384.9460777,-216.0573648,368.1048087,-206.6350967,368.9033964,-382.0669133,469.4523803,-224.7550151,365.3974747,-340.0535529
383.3350077,-216.0976839,367.2663601,-207.9024895,368.9034291,-383.6221172,467.8836128,-224.7542288,364.8809184,-338.5481234
381.7246916,-216.1613474,366.4021856,-209.1524879,368.9776648,-385.1755505,466.331392,-224.981308,364.6582183,-336.9723361
380.1166997,-216.268615,365.5316325,-210.3980363,369.1603666,-386.7199885,464.7921474,-225.2831355,364.8660544,-335.3946457
378.5137522,-216.4350445,364.6668456,-211.6476018,369.4902913,-388.2397958,463.2476338,-225.5567743,365.5659502,-333.9655588
376.9181403,-216.6612965,363.8038615,-212.8984172,370.0059314,-389.7070235,461.6935258,-225.7696552,366.7006213,-332.849824
375.3295264,-216.9323753,362.9287402,-214.140761,370.7374885,-391.0793988,460.1343183,-225.9411508,368.1201977,-332.1302649
373.7449478,-217.2261005,362.0309705,-215.3668399,371.6962626,-392.3038477,458.5744403,-226.1062985,369.668297,-331.7602274
372.1611758,-217.5241372,361.1119615,-216.5770882,372.8658397,-393.328828,457.0163721,-226.2877774,371.2519886,-331.6016189
370.5767146,-217.8184941,360.1830143,-217.7797223,374.2026214,-394.1235455,455.4607822,-226.4894159,372.840746,-331.5088142
368.99205,-218.111756,359.2568257,-218.9844786,375.6494676,-394.6939208,453.9070914,-226.7051879,374.4280457,-331.3932625
367.4093947,-218.4156829,358.3398607,-220.1962722,9999999,9999999,452.3545644,-226.9291797,376.0120425,-331.2384901
365.8338391,-218.7545531,357.4301791,-221.4135442,9999999,9999999,450.8026934,-227.1576728,377.5949554,-331.0732665
364.2778011,-219.1741595,356.5206652,-222.6309402,9999999,9999999,449.2506923,-227.3852878,379.1799355,-330.9293102
362.7716456,-219.7476515,355.6041315,-223.8430594,9999999,9999999,447.6972204,-227.6026308,380.7670795,-330.8112419
361.3814336,-220.5628212,354.6766787,-225.0468449,9999999,9999999,446.141057,-227.7997621,9999999,9999999
360.2217766,-221.6817364,353.7383084,-226.2421399,9999999,9999999,444.582045,-227.9729471,9999999,9999999
359.4366158,-223.0888552,352.7919423,-227.4311145,9999999,9999999,443.0211818,-228.1285915,9999999,9999999
359.1365586,-224.6720263,351.8420435,-228.6172685,9999999,9999999,441.4599652,-228.2806319,9999999,9999999
359.3307694,-226.2717773,350.8930441,-229.8041419,9999999,9999999,439.8997978,-228.4430677,9999999,9999999
359.9141214,-227.7742236,349.9474167,-230.9937035,9999999,9999999,438.3415366,-228.6228839,9999999,9999999
360.7216524,-229.1690658,349.0038796,-232.1849247,9999999,9999999,436.7850969,-228.8178492,9999999,9999999
361.5969758,-230.5221745,348.0570093,-233.3734984,9999999,9999999,435.2295693,-229.0199553,9999999,9999999
362.4284632,-231.9026123,347.0992824,-234.5533396,9999999,9999999,433.6739937,-229.2216878,9999999,9999999
363.1572188,-233.3399945,346.1250183,-235.7195614,9999999,9999999,432.1180993,-229.4209532,9999999,9999999
363.7683805,-234.8311987,345.1339842,-236.8715687,9999999,9999999,430.5623936,-229.621685,9999999,9999999
364.2685555,-236.3631963,344.1322234,-238.0142623,9999999,9999999,429.0076956,-229.8300708,9999999,9999999
364.663073,-237.9257329,343.1293011,-239.1559342,9999999,9999999,427.454492,-230.0493217,9999999,9999999
364.9489632,-239.5117315,342.1333631,-240.3037026,9999999,9999999,425.9024864,-230.2769033,9999999,9999999
365.124384,-241.1137165,341.1469089,-241.4596345,9999999,9999999,9999999,9999999,9999999,9999999
365.2011337,-242.7234656,340.1662686,-242.6205027,9999999,9999999,9999999,9999999,9999999,9999999
365.2060983,-244.3350385,339.1855307,-243.7812868,9999999,9999999,9999999,9999999,9999999,9999999
365.1685582,-245.9461726,338.2015491,-244.9393244,9999999,9999999,9999999,9999999,9999999,9999999
365.1025277,-247.5563948,337.2141693,-246.0944633,9999999,9999999,9999999,9999999,9999999,9999999
364.9965677,-249.1644909,336.2181106,-247.2421326,9999999,9999999,9999999,9999999,9999999,9999999
364.81718,-250.766051,335.1896512,-248.3609167,9999999,9999999,9999999,9999999,9999999,9999999
364.522707,-252.3504793,334.0800878,-249.3993726,9999999,9999999,9999999,9999999,9999999,9999999
364.0794864,-253.8998856,332.8324166,-250.2669214,9999999,9999999,9999999,9999999,9999999,9999999
363.4730789,-255.392995,331.4247592,-250.8391462,9999999,9999999,9999999,9999999,9999999,9999999
362.7120107,-256.813524,329.9131463,-250.9931335,9999999,9999999,9999999,9999999,9999999,9999999
9999999,9999999,328.4290618,-250.6673017,9999999,9999999,9999999,9999999,9999999,9999999
9999999,9999999,327.1155967,-249.90327,9999999,9999999,9999999,9999999,9999999,9999999
9999999,9999999,326.0409038,-248.8287754,9999999,9999999,9999999,9999999,9999999,9999999
9999999,9999999,325.1535803,-247.594848,9999999,9999999,9999999,9999999,9999999,9999999
9999999,9999999,324.3127839,-246.3289194,9999999,9999999,9999999,9999999,9999999,9999999
9999999,9999999,323.3667877,-245.1397516,9999999,9999999,9999999,9999999,9999999,9999999
9999999,9999999,322.2245021,-244.1376957,9999999,9999999,9999999,9999999,9999999,9999999
9999999,9999999,320.8830091,-243.4240016,9999999,9999999,9999999,9999999,9999999,9999999
9999999,9999999,319.4083437,-243.0572891,9999999,9999999,9999999,9999999,9999999,9999999
9999999,9999999,317.8889023,-243.0324633,9999999,9999999,9999999,9999999,9999999,9999999
9999999,9999999,316.3914129,-243.2912015,9999999,9999999,9999999,9999999,9999999,9999999
9999999,9999999,314.9442641,-243.7550207,9999999,9999999,9999999,9999999,9999999,9999999
9999999,9999999,313.5491885,-244.3575684,9999999,9999999,9999999,9999999,9999999,9999999
9999999,9999999,312.2017469,-245.0601932,9999999,9999999,9999999,9999999,9999999,9999999
9999999,9999999,310.903232,-245.8495737,9999999,9999999,9999999,9999999,9999999,9999999
9999999,9999999,309.6610015,-246.7248487,9999999,9999999,9999999,9999999,9999999,9999999
9999999,9999999,308.4824256,-247.6841236,9999999,9999999,9999999,9999999,9999999,9999999
9999999,9999999,307.368371,-248.7176384,9999999,9999999,9999999,9999999,9999999,9999999
9999999,9999999,306.3106245,-249.8087181,9999999,9999999,9999999,9999999,9999999,9999999
9999999,9999999,305.2949225,-250.9390409,9999999,9999999,9999999,9999999,9999999,9999999
9999999,9999999,304.3084047,-252.0949192,9999999,9999999,9999999,9999999,9999999,9999999
9999999,9999999,303.3491738,-253.2735474,9999999,9999999,9999999,9999999,9999999,9999999
9999999,9999999,302.4358414,-254.4881183,9999999,9999999,9999999,9999999,9999999,9999999
9999999,9999999,301.6151401,-255.7671293,9999999,9999999,9999999,9999999,9999999,9999999
9999999,9999999,300.9645634,-257.1404742,9999999,9999999,9999999,9999999,9999999,9999999
9999999,9999999,300.5833671,-258.6114542,9999999,9999999,9999999,9999999,9999999,9999999
9999999,9999999,300.5645141,-260.1308414,9999999,9999999,9999999,9999999,9999999,9999999
9999999,9999999,300.9533089,-261.5997508,9999999,9999999,9999999,9999999,9999999,9999999
9999999,9999999,301.7190892,-262.9122351,9999999,9999999,9999999,9999999,9999999,9999999
9999999,9999999,302.7658633,-264.0138934,9999999,9999999,9999999,9999999,9999999,9999999
9999999,9999999,303.9755204,-264.9338635,9999999,9999999,9999999,9999999,9999999,9999999
9999999,9999999,305.246245,-265.7673511,9999999,9999999,9999999,9999999,9999999,9999999
9999999,9999999,306.5000044,-266.6260045,9999999,9999999,9999999,9999999,9999999,9999999
9999999,9999999,307.6721774,-267.5930442,9999999,9999999,9999999,9999999,9999999,9999999
9999999,9999999,308.7074066,-268.7054751,9999999,9999999,9999999,9999999,9999999,9999999
9999999,9999999,309.5637928,-269.9608066,9999999,9999999,9999999,9999999,9999999,9999999
9999999,9999999,310.2150425,-271.3338171,9999999,9999999,9999999,9999999,9999999,9999999
9999999,9999999,310.6464317,-272.7909346,9999999,9999999,9999999,9999999,9999999,9999999
9999999,9999999,310.8485841,-274.297057,9999999,9999999,9999999,9999999,9999999,9999999
9999999,9999999,310.8150019,-275.8163021,9999999,9999999,9999999,9999999,9999999,9999999
9999999,9999999,310.5460659,-277.3119195,9999999,9999999,9999999,9999999,9999999,9999999
9999999,9999999,310.0567485,-278.750591,9999999,9999999,9999999,9999999,9999999,9999999
9999999,9999999,309.3811598,-280.1117879,9999999,9999999,9999999,9999999,9999999,9999999
9999999,9999999,308.5682808,-281.3957521,9999999,9999999,9999999,9999999,9999999,9999999
9999999,9999999,307.6697441,-282.6212898,9999999,9999999,9999999,9999999,9999999,9999999
9999999,9999999,306.7258405,-283.8122189,9999999,9999999,9999999,9999999,9999999,9999999
9999999,9999999,305.755953,-284.9820901,9999999,9999999,9999999,9999999,9999999,9999999
9999999,9999999,304.7582959,-286.1283702,9999999,9999999,9999999,9999999,9999999,9999999
9999999,9999999,303.7219751,-287.2397858,9999999,9999999,9999999,9999999,9999999,9999999
9999999,9999999,302.6473184,-288.3141882,9999999,9999999,9999999,9999999,9999999,9999999
9999999,9999999,301.5635583,-289.3795252,9999999,9999999,9999999,9999999,9999999,9999999
9999999,9999999,300.5381207,-290.5011698,9999999,9999999,9999999,9999999,9999999,9999999
9999999,9999999,299.6803899,-291.7555891,9999999,9999999,9999999,9999999,9999999,9999999
9999999,9999999,299.1323174,-293.1727811,9999999,9999999,9999999,9999999,9999999,9999999
9999999,9999999,299.0257993,-294.6884406,9999999,9999999,9999999,9999999,9999999,9999999
9999999,9999999,299.4155943,-296.1570052,9999999,9999999,9999999,9999999,9999999,9999999
9999999,9999999,300.2412846,-297.4326662,9999999,9999999,9999999,9999999,9999999,9999999
9999999,9999999,301.3606239,-298.4606874,9999999,9999999,9999999,9999999,9999999,9999999
9999999,9999999,302.6257587,-299.302813,9999999,9999999,9999999,9999999,9999999,9999999
9999999,9999999,303.9318273,-300.0795669,9999999,9999999,9999999,9999999,9999999,9999999
9999999,9999999,305.2181698,-300.8885312,9999999,9999999,9999999,9999999,9999999,9999999
9999999,9999999,306.4601367,-301.7642174,9999999,9999999,9999999,9999999,9999999,9999999
9999999,9999999,307.6654086,-302.6897721,9999999,9999999,9999999,9999999,9999999,9999999
9999999,9999999,308.859344,-303.6298611,9999999,9999999,9999999,9999999,9999999,9999999
9999999,9999999,310.0629411,-304.5575487,9999999,9999999,9999999,9999999,9999999,9999999
9999999,9999999,311.2813404,-305.4657255,9999999,9999999,9999999,9999999,9999999,9999999
9999999,9999999,312.507507,-306.3633818,9999999,9999999,9999999,9999999,9999999,9999999
9999999,9999999,313.7318975,-307.2634546,9999999,9999999,9999999,9999999,9999999,9999999
9999999,9999999,314.9492809,-308.1729859,9999999,9999999,9999999,9999999,9999999,9999999
9999999,9999999,316.1596876,-309.0917818,9999999,9999999,9999999,9999999,9999999,9999999
9999999,9999999,317.3651088,-310.017108,9999999,9999999,9999999,9999999,9999999,9999999
9999999,9999999,318.5661054,-310.9481699,9999999,9999999,9999999,9999999,9999999,9999999
9999999,9999999,319.7613906,-311.8865519,9999999,9999999,9999999,9999999,9999999,9999999
9999999,9999999,320.9499948,-312.8333824,9999999,9999999,9999999,9999999,9999999,9999999
9999999,9999999,322.1334352,-313.7866605,9999999,9999999,9999999,9999999,9999999,9999999
9999999,9999999,323.3157672,-314.7413123,9999999,9999999,9999999,9999999,9999999,9999999
9999999,9999999,324.501417,-315.6918393,9999999,9999999,9999999,9999999,9999999,9999999
9999999,9999999,325.6924191,-316.6356519,9999999,9999999,9999999,9999999,9999999,9999999
9999999,9999999,326.8867711,-317.575223,9999999,9999999,9999999,9999999,9999999,9999999
9999999,9999999,328.0784639,-318.5181656,9999999,9999999,9999999,9999999,9999999,9999999
9999999,9999999,329.2588129,-319.4752683,9999999,9999999,9999999,9999999,9999999,9999999
9999999,9999999,330.4186635,-320.4571083,9999999,9999999,9999999,9999999,9999999,9999999
9999999,9999999,331.5512328,-321.4702949,9999999,9999999,9999999,9999999,9999999,9999999
9999999,9999999,332.6550139,-322.5147726,9999999,9999999,9999999,9999999,9999999,9999999
9999999,9999999,333.7353487,-323.5834875,9999999,9999999,9999999,9999999,9999999,9999999
9999999,9999999,334.8030727,-324.664801,9999999,9999999,9999999,9999999,9999999,9999999
9999999,9999999,335.8700236,-325.7468735,9999999,9999999,9999999,9999999,9999999,9999999
9999999,9999999,336.9434314,-326.822541,9999999,9999999,9999999,9999999,9999999,9999999
9999999,9999999,338.0220957,-327.8929414,9999999,9999999,9999999,9999999,9999999,9999999
9999999,9999999,339.0957943,-328.9683258,9999999,9999999,9999999,9999999,9999999,9999999
9999999,9999999,340.1471021,-330.0656089,9999999,9999999,9999999,9999999,9999999,9999999
9999999,9999999,341.153867,-331.2038961,9999999,9999999,9999999,9999999,9999999,9999999
9999999,9999999,342.0912921,-332.3999317,9999999,9999999,9999999,9999999,9999999,9999999
9999999,9999999,342.9338675,-333.6645748,9999999,9999999,9999999,9999999,9999999,9999999
9999999,9999999,343.6582572,-335.0004262,9999999,9999999,9999999,9999999,9999999,9999999
9999999,9999999,344.2479194,-336.4009735,9999999,9999999,9999999,9999999,9999999,9999999
9999999,9999999,344.6983567,-337.8523036,9999999,9999999,9999999,9999999,9999999,9999999
9999999,9999999,345.0196632,-339.3375795,9999999,9999999,9999999,9999999,9999999,9999999
9999999,9999999,345.2330115,-340.8421644,9999999,9999999,9999999,9999999,9999999,9999999
9999999,9999999,345.3610523,-342.3563938,9999999,9999999,9999999,9999999,9999999,9999999
9999999,9999999,345.4164655,-343.8750167,9999999,9999999,9999999,9999999,9999999,9999999
9999999,9999999,345.3945171,-345.3944942,9999999,9999999,9999999,9999999,9999999,9999999
9999999,9999999,345.2733048,-346.9092851,9999999,9999999,9999999,9999999,9999999,9999999
9999999,9999999,345.021197,-348.4078512,9999999,9999999,9999999,9999999,9999999,9999999
9999999,9999999,9999999,9999999,9999999,9999999,9999999,9999999,9999999,9999999
9999999,9999999,9999999,9999999,9999999,9999999,9999999,9999999,9999999,9999999
9999999,9999999,9999999,9999999,9999999,9999999,9999999,9999999,9999999,9999999
9999999,9999999,9999999,9999999,9999999,9999999,9999999,9999999,9999999,9999999
9999999,9999999,9999999,9999999,9999999,9999999,9999999,9999999,9999999,9999999
9999999,9999999,9999999,9999999,9999999,9999999,9999999,9999999,9999999,9999999
9999999,9999999,9999999,9999999,9999999,9999999,9999999,9999999,9999999,9999999
9999999,9999999,9999999,9999999,9999999,9999999,9999999,9999999,9999999,9999999
9999999,9999999,9999999,9999999,9999999,9999999,9999999,9999999,9999999,9999999
9999999,9999999,9999999,9999999,9999999,9999999,9999999,9999999,9999999,9999999
9999999,9999999,9999999,9999999,9999999,9999999,9999999,9999999,9999999,9999999
9999999,9999999,9999999,9999999,9999999,9999999,9999999,9999999,9999999,9999999
9999999,9999999,9999999,9999999,9999999,9999999,9999999,9999999,9999999,9999999
9999999,9999999,9999999,9999999,9999999,9999999,9999999,9999999,9999999,9999999
9999999,9999999,9999999,9999999,9999999,9999999,9999999,9999999,9999999,9999999
9999999,9999999,9999999,9999999,9999999,9999999,9999999,9999999,9999999,9999999
9999999,9999999,9999999,9999999,9999999,9999999,9999999,9999999,9999999,9999999
9999999,9999999,9999999,9999999,9999999,9999999,9999999,9999999,9999999,9999999
9999999,9999999,9999999,9999999,9999999,9999999,9999999,9999999,9999999,9999999
9999999,9999999,9999999,9999999,9999999,9999999,9999999,9999999,9999999,9999999
9999999,9999999,9999999,9999999,9999999,9999999,9999999,9999999,9999999,9999999
9999999,9999999,9999999,9999999,9999999,9999999,9999999,9999999,9999999,9999999
9999999,9999999,9999999,9999999,9999999,9999999,9999999,9999999,9999999,9999999
9999999,9999999,9999999,9999999,9999999,9999999,9999999,9999999,9999999,9999999
9999999,9999999,9999999,9999999,9999999,9999999,9999999,9999999,9999999,9999999
9999999,9999999,9999999,9999999,9999999,9999999,9999999,9999999,9999999,9999999
9999999,9999999,9999999,9999999,9999999,9999999,9999999,9999999,9999999,9999999
9999999,9999999,9999999,9999999,9999999,9999999,9999999,9999999,9999999,9999999
9999999,9999999,9999999,9999999,9999999,9999999,9999999,9999999,9999999,9999999
9999999,9999999,9999999,9999999,9999999,9999999,9999999,9999999,9999999,9999999
9999999,9999999,9999999,9999999,9999999,9999999,9999999,9999999,9999999,9999999
9999999,9999999,9999999,9999999,9999999,9999999,9999999,9999999,9999999,9999999
9999999,9999999,9999999,9999999,9999999,9999999,9999999,9999999,9999999,9999999
9999999,9999999,9999999,9999999,9999999,9999999,9999999,9999999,9999999,9999999
9999999,9999999,9999999,9999999,9999999,9999999,9999999,9999999,9999999,9999999
9999999,9999999,9999999,9999999,9999999,9999999,9999999,9999999,9999999,9999999
9999999,9999999,9999999,9999999,9999999,9999999,9999999,9999999,9999999,9999999
