0,,, 1,,, 
-0.033028, -0.000166, , -0.085842, -0.002696, , 
-0.032478, -0.000272, , -0.092080, -0.001955, , 
-0.032389, -0.000370, , -0.097776, -0.001041, , 
-0.032773, -0.000440, , -0.102365, 0.000039, , 
-0.033651, -0.000470, , -0.105312, 0.001274, , 
-0.035041, -0.000451, , -0.106189, 0.002649, , 
-0.036917, -0.000377, , -0.104689, 0.004152, , 
-0.039178, -0.000246, , -0.100590, 0.005764, , 
-0.041610, -0.000062, , -0.093721, 0.007457, , 
-0.043886, 0.000167, , -0.084048, 0.009181, , 
-0.045589, 0.000430, , -0.071810, 0.010845, , 
-0.046286, 0.000712, , -0.057534, 0.012318, , 
-0.045648, 0.000998, , -0.041845, 0.013446, , 
-0.043579, 0.001271, , -0.025192, 0.014098, , 
-0.040278, 0.001511, , -0.007685, 0.014203, , 
-0.036179, 0.001694, , 0.010887, 0.013762, , 
-0.031797, 0.001797, , 0.030882, 0.012827, , 
-0.027572, 0.001794, , 0.052500, 0.011478, , 
-0.023794, 0.001668, , 0.075317, 0.009807, , 
-0.020596, 0.001411, , 0.097755, 0.007906, , 
-0.017997, 0.001034, , 0.116795, 0.005864, , 
-0.015976, 0.000571, , 0.128601, 0.003768, , 
-0.014562, 0.000078, , 0.130356, 0.001693, , 
-0.013882, -0.000379, , 0.122172, -0.000293, , 
-0.014164, -0.000733, , 0.107109, -0.002134, , 
-0.015668, -0.000932, , 0.089226, -0.003775, , 
-0.018588, -0.000943, , 0.071643, -0.005159, , 
-0.022964, -0.000752, , 0.055960, -0.006224, , 
-0.028592, -0.000361, , 0.042656, -0.006905, , 
-0.034927, 0.000213, , 0.031668, -0.007140, , 
-0.040991, 0.000938, , 0.022782, -0.006888, , 
-0.045453, 0.001769, , 0.015792, -0.006158, , 
-0.047025, 0.002647, , 0.010533, -0.005015, , 
-0.044963, 0.003505, , 0.006861, -0.003582, , 
-0.039286, 0.004273, , 0.004641, -0.002000, , 
-0.030574, 0.004895, , 0.003778, -0.000390, , 
-0.019619, 0.005333, , 0.004250, 0.001159, , 
-0.007187, 0.005574, , 0.006113, 0.002583, , 
0.006022, 0.005621, , 0.009474, 0.003821, , 
0.019285, 0.005490, , 0.014434, 0.004817, , 
0.031722, 0.005205, , 0.021063, 0.005522, , 
0.042240, 0.004800, , 0.029389, 0.005905, , 
0.049666, 0.004314, , 0.039373, 0.005960, , 
0.053079, 0.003794, , 0.050846, 0.005702, , 
0.052245, 0.003272, , 0.063399, 0.005168, , 
0.047898, 0.002763, , 0.076250, 0.004403, , 
0.041622, 0.002261, , 0.088193, 0.003457, , 
0.035326, 0.001748, , 0.097708, 0.002382, , 
0.030622, 0.001207, , 0.103310, 0.001228, , 
0.028487, 0.000628, , 0.104039, 0.000045, , 
0.029322, 0.000005, , 0.099849, -0.001125, , 
0.033089, -0.000663, , 0.091640, -0.002240, , 
0.039284, -0.001384, , 0.080899, -0.003265, , 
0.046770, -0.002183, , 0.069192, -0.004162, , 
0.053796, -0.003094, , 0.057787, -0.004895, , 
0.058417, -0.004157, , 0.047524, -0.005427, , 
0.059119, -0.005393, , 0.038852, -0.005733, , 
0.055219, -0.006781, , 0.031913, -0.005801, , 
0.046863, -0.008250, , 0.026608, -0.005645, , 
0.034738, -0.009691, , 0.022633, -0.005300, , 
0.019724, -0.010978, , 0.019552, -0.004824, , 
0.002621, -0.011986, , 0.016905, -0.004275, , 
-0.016017, -0.012597, , 0.014341, -0.003706, , 
-0.035910, -0.012706, , 0.011696, -0.003147, , 
-0.056914, -0.012249, , 0.008998, -0.002608, , 
-0.078698, -0.011216, , 0.006386, -0.002081, , 
-0.100315, -0.009651, , 0.004003, -0.001549, , 
-0.119969, -0.007638, , 0.001927, -0.000990, , 
-0.135444, -0.005278, , 0.000162, -0.000387, , 
-0.145119, -0.002671, , -0.001296, 0.000276, , 
-0.148511, 0.000096, , -0.002383, 0.001005, , 
-0.145694, 0.002942, , -0.002902, 0.001793, , 
-0.136704, 0.005793, , -0.002536, 0.002620, , 
-0.121918, 0.008565, , -0.000918, 0.003448, , 
-0.102658, 0.011150, , 0.002262, 0.004225, , 
-0.080936, 0.013410, , 0.007173, 0.004890, , 
-0.058569, 0.015195, , 0.013800, 0.005380, , 
-0.036565, 0.016378, , 0.021967, 0.005649, , 
-0.015106, 0.016895, , 0.031401, 0.005667, , 
0.006131, 0.016765, , 0.041772, 0.005429, , 
0.027600, 0.016065, , 0.052697, 0.004946, , 
0.049558, 0.014902, , 0.063673, 0.004241, , 
0.071742, 0.013392, , 0.073978, 0.003346, , 
0.093056, 0.011651, , 0.082618, 0.002298, , 
0.111439, 0.009788, , 0.088424, 0.001140, , 
0.124306, 0.007893, , 0.090378, -0.000084, , 
0.129778, 0.006025, , 0.088020, -0.001330, , 
0.128010, 0.004218, , 0.081705, -0.002555, , 
0.121260, 0.002488, , 0.072494, -0.003724, , 
0.112521, 0.000852, , 0.061731, -0.004808, , 
0.104095, -0.000665, , 0.050609, -0.005783, , 
0.097124, -0.002027, , 0.039926, -0.006635, , 
0.091823, -0.003193, , 0.030096, -0.007353, , 
0.087876, -0.004120, , 0.021250, -0.007933, , 
0.084721, -0.004780, , 0.013339, -0.008375, , 
0.081740, -0.005175, , 0.006188, -0.008682, , 
0.078399, -0.005342, , -0.000469, -0.008851, , 
0.074330, -0.005354, , -0.006973, -0.008875, , 
0.069389, -0.005286, , -0.013706, -0.008738, , 
0.063649, -0.005191, , -0.021059, -0.008427, , 
0.057332, -0.005087, , -0.029391, -0.007934, , 
0.050708, -0.004963, , -0.038979, -0.007260, , 
0.044010, -0.004797, , -0.049925, -0.006418, , 
0.037418, -0.004565, , -0.062016, -0.005430, , 
0.031082, -0.004248, , -0.074541, -0.004323, , 
0.025160, -0.003836, , -0.086188, -0.003127, , 
0.019848, -0.003328, , -0.095204, -0.001873, , 
0.015384, -0.002735, , -0.099927, -0.000593, , 
0.012007, -0.002074, , -0.099461, 0.000676, , 
0.009892, -0.001374, , -0.094028, 0.001899, , 
0.009092, -0.000666, , -0.084787, 0.003034, , 
0.009520, 0.000018, , -0.073298, 0.004041, , 
0.010994, 0.000645, , -0.061021, 0.004880, , 
0.013316, 0.001190, , -0.049050, 0.005513, , 
0.016339, 0.001637, , -0.038065, 0.005907, , 
0.019972, 0.001974, , -0.028418, 0.006041, , 
0.024128, 0.002201, , -0.020260, 0.005913, , 
0.028661, 0.002323, , -0.013637, 0.005543, , 
0.033312, 0.002349, , -0.008548, 0.004980, , 
0.037719, 0.002292, , -0.004944, 0.004290, , 
0.041486, 0.002165, , -0.002692, 0.003547, , 
0.044280, 0.001982, , -0.001549, 0.002819, , 
0.045947, 0.001754, , -0.001185, 0.002168, , 
0.046562, 0.001494, , -0.001245, 0.001640, , 
0.046416, 0.001212, , -0.001438, 0.001272, , 
0.045905, 0.000916, , -0.001604, 0.001088, , 
0.045406, 0.000616, , -0.001739, 0.001105, , 
0.045163, 0.000318, , -0.001943, 0.001328, , 
0.045239, 0.000029, , -0.002320, 0.001752, , 
0.045529, -0.000250, , -0.002848, 0.002347, , 
0.045837, -0.000518, , -0.003281, 0.003046, , 
0.045965, -0.000779, , -0.003130, 0.003747, , 
0.045790, -0.001040, , -0.001758, 0.004334, , 
0.045273, -0.001308, , 0.001424, 0.004707, , 
0.044414, -0.001588, , 0.006790, 0.004798, , 
0.043192, -0.001882, , 0.014483, 0.004576, , 
0.041532, -0.002185, , 0.024521, 0.004034, , 
0.039326, -0.002489, , 0.036782, 0.003187, , 
0.036485, -0.002780, , 0.050684, 0.002060, , 
0.032992, -0.003045, , 0.064656, 0.000689, , 
0.028918, -0.003272, , 0.076005, -0.000874, , 
0.024410, -0.003450, , 0.081786, -0.002552, , 
0.019652, -0.003570, , 0.080242, -0.004234, , 
0.014826, -0.003626, , 0.071527, -0.005787, , 
0.010090, -0.003617, , 0.057160, -0.007083, , 
0.005560, -0.003542, , 0.039019, -0.008034, , 
0.001308, -0.003404, , 0.018695, -0.008596, , 
-0.002628, -0.003211, , -0.002638, -0.008754, , 
-0.006227, -0.002974, , -0.024060, -0.008500, , 
-0.009460, -0.002708, , -0.044636, -0.007835, , 
-0.012270, -0.002429, , -0.063078, -0.006776, , 
-0.014582, -0.002153, , -0.077454, -0.005374, , 
-0.016335, -0.001895, , -0.085378, -0.003720, , 
-0.017521, -0.001666, , -0.085141, -0.001935, , 
-0.018204, -0.001472, , -0.077225, -0.000143, , 
-0.018521, -0.001320, , -0.064421, 0.001550, , 
-0.018643, -0.001212, , -0.050069, 0.003059, , 
-0.018743, -0.001150, , -0.036403, 0.004320, , 
-0.018967, -0.001137, , -0.024344, 0.005284, , 
-0.019423, -0.001174, , -0.014081, 0.005920, , 
-0.020182, -0.001262, , -0.005548, 0.006209, , 
-0.021275, -0.001395, , 0.001394, 0.006153, , 
-0.022688, -0.001561, , 0.006915, 0.005788, , 
-0.024372, -0.001737, , 0.011210, 0.005185, , 
-0.026261, -0.001891, , 0.014482, 0.004449, , 
-0.028315, -0.001980, , 0.016916, 0.003685, , 
-0.030551, -0.001963, , 0.018670, 0.002969, , 
-0.033047, -0.001804, , 0.019882, 0.002332, , 
-0.035901, -0.001479, , 0.020690, 0.001775, , 
-0.039169, -0.000976, , 0.021241, 0.001290, , 
-0.042790, -0.000291, , 0.021678, 0.000865, , 
-0.046533, 0.000574, , 0.022106, 0.000493, , 
-0.049947, 0.001608, , 0.022565, 0.000177, , 
-0.052351, 0.002790, , 0.023010, -0.000074, , 
-0.052890, 0.004073, , 0.023329, -0.000243, , 
-0.050749, 0.005383, , 0.023367, -0.000312, , 
-0.045457, 0.006615, , 0.022968, -0.000258, , 
-0.037070, 0.007653, , 0.022003, -0.000064, , 
-0.026023, 0.008393, , 0.020420, 0.000288, , 
-0.012791, 0.008774, , 0.018294, 0.000804, , 
0.002332, 0.008776, , 0.015878, 0.001468, , 
0.019175, 0.008412, , 0.013631, 0.002234, , 
0.037405, 0.007718, , 0.012185, 0.003021, , 
0.056147, 0.006733, , 0.012222, 0.003732, , 
0.073712, 0.005508, , 0.014309, 0.004276, , 
0.087637, 0.004100, , 0.018807, 0.004584, , 
0.095304, 0.002578, , 0.025910, 0.004619, , 
0.095135, 0.001020, , 0.035737, 0.004376, , 
0.087602, -0.000500, , 0.048241, 0.003873, , 
0.075080, -0.001917, , 0.062823, 0.003142, , 
0.060579, -0.003178, , 0.077882, 0.002219, , 
0.046458, -0.004237, , 0.090839, 0.001146, , 
0.033958, -0.005052, , 0.098927, -0.000032, , 
0.023450, -0.005583, , 0.100295, -0.001261, , 
0.014886, -0.005798, , 0.094680, -0.002480, , 
0.008151, -0.005687, , 0.083308, -0.003623, , 
0.003183, -0.005276, , 0.068273, -0.004632, , 
-0.000082, -0.004633, , 0.051805, -0.005454, , 
-0.001856, -0.003862, , 0.035732, -0.006046, , 
-0.002561, -0.003076, , 0.021242, -0.006368, , 
-0.002730, -0.002372, , 0.008939, -0.006385, , 
-0.002814, -0.001818, , -0.000928, -0.006075, , 
-0.003050, -0.001453, , -0.008214, -0.005441, , 
-0.003444, -0.001301, , -0.012758, -0.004521, , 
-0.003851, -0.001380, , -0.014489, -0.003382, , 
-0.004089, -0.001707, , -0.013662, -0.002103, , 
-0.004052, -0.002304, , -0.010988, -0.000756, , 
-0.003806, -0.003186, , -0.007439, 0.000603, , 
-0.003646, -0.004330, , -0.003886, 0.001936, , 
-0.004101, -0.005639, , -0.000827, 0.003207, , 
-0.005838, -0.006924, , 0.001738, 0.004367, , 
-0.009494, -0.007954, , 0.004288, 0.005353, , 
-0.015557, -0.008545, , 0.007584, 0.006095, , 
-0.024390, -0.008613, , 0.012359, 0.006537, , 
-0.036386, -0.008173, , 0.019076, 0.006647, , 
-0.052123, -0.007288, , 0.027929, 0.006427, , 
-0.072241, -0.006038, , 0.038967, 0.005906, , 
-0.096699, -0.004493, , 0.052053, 0.005129, , 
-0.123267, -0.002712, , 0.066525, 0.004144, , 
-0.146304, -0.000747, , 0.080852, 0.002994, , 
-0.158171, 0.001345, , 0.092781, 0.001719, , 
-0.153954, 0.003496, , 0.100065, 0.000359, , 
-0.135119, 0.005620, , 0.101303, -0.001042, , 
-0.107883, 0.007624, , 0.096371, -0.002429, , 
-0.078717, 0.009421, , 0.086281, -0.003735, , 
-0.051612, 0.010928, , 0.072685, -0.004890, , 
-0.027983, 0.012068, , 0.057345, -0.005825, , 
-0.007717, 0.012758, , 0.041777, -0.006474, , 
0.009825, 0.012911, , 0.027087, -0.006773, , 
0.025163, 0.012465, , 0.013970, -0.006667, , 
0.038362, 0.011438, , 0.002788, -0.006121, , 
0.048995, 0.009957, , -0.006274, -0.005128, , 
0.056457, 0.008238, , -0.013036, -0.003717, , 
0.060543, 0.006496, , -0.017269, -0.001951, , 
0.061827, 0.004880, , -0.018806, 0.000071, , 
0.061392, 0.003458, , -0.017690, 0.002213, , 
0.060226, 0.002245, , -0.014151, 0.004294, , 
0.058887, 0.001232, , -0.008430, 0.006111, , 
0.057545, 0.000408, , -0.000643, 0.007478, , 
0.056150, -0.000235, , 0.009301, 0.008272, , 
0.054601, -0.000700, , 0.021728, 0.008456, , 
0.052846, -0.000995, , 0.037108, 0.008062, , 
0.050931, -0.001136, , 0.055745, 0.007157, , 
0.048978, -0.001152, , 0.077273, 0.005825, , 
0.047129, -0.001083, , 0.100031, 0.004153, , 
0.045505, -0.000967, , 0.120641, 0.002226, , 
0.044178, -0.000830, , 0.134411, 0.000132, , 
0.043182, -0.000688, , 0.137141, -0.002038, , 
0.042528, -0.000548, , 0.127561, -0.004188, , 
0.042215, -0.000415, , 0.108223, -0.006223, , 
0.042237, -0.000295, , 0.083788, -0.008056, , 
0.042576, -0.000195, , 0.058476, -0.009611, , 
0.043180, -0.000125, , 0.034747, -0.010817, , 
0.043949, -0.000095, , 0.013436, -0.011604, , 
0.044743, -0.000112, , -0.005501, -0.011909, , 
0.045413, -0.000180, , -0.022258, -0.011694, , 
0.045845, -0.000300, , -0.036717, -0.010971, , 
0.045993, -0.000468, , -0.048337, -0.009822, , 
0.045868, -0.000677, , -0.056483, -0.008401, , 
0.045490, -0.000916, , -0.060991, -0.006891, , 
0.044844, -0.001177, , -0.062448, -0.005452, , 
0.043856, -0.001447, , -0.061890, -0.004179, , 
0.042413, -0.001715, , -0.060279, -0.003111, , 
0.040424, -0.001968, , -0.058268, -0.002244, , 
0.037867, -0.002194, , -0.056265, -0.001559, , 
0.034813, -0.002384, , -0.054585, -0.001032, , 
0.031399, -0.002529, , -0.053532, -0.000646, , 
0.027787, -0.002624, , -0.053362, -0.000383, , 
0.024121, -0.002665, , -0.054204, -0.000223, , 
0.020512, -0.002652, , -0.055988, -0.000143, , 
0.017038, -0.002583, , -0.058437, -0.000111, , 
0.013763, -0.002463, , -0.061104, -0.000104, , 
0.010743, -0.002296, , -0.063472, -0.000106, , 
0.008044, -0.002092, , -0.065066, -0.000105, , 
0.005728, -0.001863, , -0.065562, -0.000095, , 
0.003853, -0.001622, , -0.064868, -0.000069, , 
0.002456, -0.001379, , -0.063163, -0.000025, , 
0.001537, -0.001146, , -0.060861, 0.000039, , 
0.001062, -0.000929, , -0.058498, 0.000118, , 
0.000953, -0.000734, , -0.056575, 0.000205, , 
0.001102, -0.000564, , -0.055431, 0.000291, , 
0.001386, -0.000422, , -0.055169, 0.000368, , 
0.001685, -0.000308, , -0.055671, 0.000434, , 
0.001904, -0.000221, , -0.056661, 0.000488, , 
0.001988, -0.000156, , -0.057801, 0.000535, , 
0.001927, -0.000108, , -0.058788, 0.000583, , 
0.001750, -0.000076, , -0.059413, 0.000638, , 
0.001502, -0.000059, , -0.059562, 0.000708, , 
0.001218, -0.000066, , -0.059179, 0.000797, , 
0.000916, -0.000111, , -0.058242, 0.000908, , 
0.000605, -0.000214, , -0.056754, 0.001044, , 
0.000307, -0.000399, , -0.054767, 0.001214, , 
0.000077, -0.000688, , -0.052391, 0.001427, , 
0.000005, -0.001112, , -0.049802, 0.001698, , 
0.000167, -0.001710, , -0.047220, 0.002042, , 
0.000550, -0.002535, , -0.044876, 0.002473, , 
0.000965, -0.003649, , -0.042951, 0.003009, , 
0.000998, -0.005092, , -0.041507, 0.003672, , 
0.000047, -0.006820, , -0.040409, 0.004494, , 
-0.002534, -0.008641, , -0.039279, 0.005520, , 
-0.007259, -0.010232, , -0.037503, 0.006798, , 
-0.014460, -0.011278, , -0.034342, 0.008349, , 
-0.024437, -0.011616, , -0.029139, 0.010113, , 
-0.037717, -0.011260, , -0.021512, 0.011897, , 
-0.055294, -0.010315, , -0.011396, 0.013402, , 
-0.078600, -0.008911, , 0.001134, 0.014346, , 
-0.108816, -0.007158, , 0.016147, 0.014591, , 
-0.145011, -0.005142, , 0.034091, 0.014144, , 
-0.181390, -0.002932, , 0.055881, 0.013096, , 
-0.206546, -0.000594, , 0.082700, 0.011558, , 
-0.209250, 0.001805, , 0.115229, 0.009633, , 
-0.187929, 0.004192, , 0.151970, 0.007416, , 
-0.152030, 0.006495, , 0.187068, 0.004995, , 
-0.113458, 0.008640, , 0.210212, 0.002457, , 
-0.079486, 0.010557, , 0.212094, -0.000110, , 
-0.052224, 0.012165, , 0.192332, -0.002620, , 
-0.030998, 0.013362, , 0.159802, -0.004995, , 
-0.014359, 0.014021, , 0.124900, -0.007160, , 
-0.001050, 0.014015, , 0.093798, -0.009044, , 
0.009696, 0.013290, , 0.068364, -0.010564, , 
0.018202, 0.011949, , 0.048263, -0.011621, , 
0.024593, 0.010268, , 0.032545, -0.012102, , 
0.029121, 0.008571, , 0.020357, -0.011906, , 
0.032361, 0.007078, , 0.011135, -0.011009, , 
0.035078, 0.005858, , 0.004553, -0.009538, , 
0.037917, 0.004884, , 0.000357, -0.007765, , 
0.041210, 0.004097, , -0.001814, -0.005999, , 
0.044977, 0.003444, , -0.002516, -0.004447, , 
0.049023, 0.002891, , -0.002397, -0.003185, , 
0.053054, 0.002416, , -0.002011, -0.002202, , 
0.056758, 0.002007, , -0.001687, -0.001457, , 
0.059845, 0.001653, , -0.001523, -0.000904, , 
0.062073, 0.001340, , -0.001483, -0.000505, , 
0.063277, 0.001054, , -0.001504, -0.000232, , 
0.063431, 0.000788, , -0.001553, -0.000058, , 
0.062677, 0.000542, , -0.001631, 0.000041, , 
0.061304, 0.000326, , -0.001743, 0.000088, , 
0.059664, 0.000148, , -0.001865, 0.000102, , 
0.058073, 0.000017, , -0.001948, 0.000099, , 
0.056745, -0.000066, , -0.001937, 0.000086, , 
0.055785, -0.000104, , -0.001796, 0.000064, , 
0.055215, -0.000105, , -0.001519, 0.000028, , 
0.055028, -0.000078, , -0.001136, -0.000027, , 
0.055216, -0.000031, , -0.000703, -0.000108, , 
0.055787, 0.000030, , -0.000296, -0.000218, , 
0.056733, 0.000099, , 0.000004, -0.000358, , 
0.057983, 0.000171, , 0.000122, -0.000529, , 
0.059371, 0.000238, , 0.000006, -0.000729, , 
0.060635, 0.000293, , -0.000377, -0.000954, , 
0.061486, 0.000323, , -0.001056, -0.001199, , 
0.061727, 0.000310, , -0.002071, -0.001455, , 
0.061355, 0.000230, , -0.003482, -0.001715, , 
0.060588, 0.000058, , -0.005349, -0.001969, , 
0.059779, -0.000229, , -0.007707, -0.002205, , 
0.059282, -0.000644, , -0.010535, -0.002416, , 
0.059323, -0.001196, , -0.013759, -0.002591, , 
0.059921, -0.001886, , -0.017263, -0.002723, , 
0.060856, -0.002717, , -0.020927, -0.002806, , 
0.061668, -0.003695, , -0.024641, -0.002834, , 
0.061696, -0.004822, , -0.028322, -0.002796, , 
0.060186, -0.006089, , -0.031898, -0.002678, , 
0.056442, -0.007448, , -0.035304, -0.002459, , 
0.050031, -0.008792, , -0.038464, -0.002117, , 
0.040909, -0.009967, , -0.041303, -0.001635, , 
0.029344, -0.010814, , -0.043758, -0.001005, , 
0.015654, -0.011220, , -0.045789, -0.000225, , 
-0.000052, -0.011150, , -0.047375, 0.000704, , 
-0.017955, -0.010620, , -0.048472, 0.001773, , 
-0.038330, -0.009678, , -0.048923, 0.002965, , 
-0.061059, -0.008382, , -0.048367, 0.004244, , 
-0.084909, -0.006797, , -0.046217, 0.005546, , 
-0.106854, -0.004994, , -0.041826, 0.006783, , 
-0.122237, -0.003050, , -0.034792, 0.007849, , 
-0.126720, -0.001048, , -0.025122, 0.008643, , 
-0.119205, 0.000930, , -0.013087, 0.009090, , 
-0.102743, 0.002814, , 0.001060, 0.009152, , 
-0.082237, 0.004549, , 0.017165, 0.008833, , 
-0.061661, 0.006091, , 0.034960, 0.008164, , 
-0.043089, 0.007405, , 0.053693, 0.007193, , 
-0.027160, 0.008453, , 0.071887, 0.005980, , 
-0.013834, 0.009199, , 0.087397, 0.004589, , 
-0.002912, 0.009619, , 0.097858, 0.003098, , 
0.005733, 0.009723, , 0.101450, 0.001594, , 
0.012175, 0.009574, , 0.097672, 0.000169, , 
0.016624, 0.009274, , 0.087641, -0.001089, , 
0.019650, 0.008920, , 0.073642, -0.002105, , 
0.022200, 0.008551, , 0.058222, -0.002813, , 
0.025353, 0.008144, , 0.043426, -0.003154, , 
0.030010, 0.007645, , 0.030528, -0.003075, , 
0.036769, 0.007009, , 0.020205, -0.002544, , 
0.045988, 0.006217, , 0.012865, -0.001574, , 
0.057807, 0.005276, , 0.008879, -0.000242, , 
0.071933, 0.004210, , 0.008562, 0.001297, , 
0.087237, 0.003047, , 0.011984, 0.002837, , 
0.101513, 0.001811, , 0.018853, 0.004171, , 
0.111856, 0.000526, , 0.028660, 0.005142, , 
0.115719, -0.000785, , 0.040962, 0.005663, , 
0.112074, -0.002090, , 0.055515, 0.005720, , 
0.101815, -0.003343, , 0.072091, 0.005344, , 
0.087169, -0.004499, , 0.089994, 0.004598, , 
0.070663, -0.005506, , 0.107511, 0.003553, , 
0.054346, -0.006318, , 0.121799, 0.002291, , 
0.039500, -0.006890, , 0.129651, 0.000903, , 
0.026727, -0.007179, , 0.129001, -0.000517, , 
0.016180, -0.007154, , 0.120098, -0.001870, , 
0.007834, -0.006813, , 0.105334, -0.003068, , 
0.001649, -0.006196, , 0.087910, -0.004035, , 
-0.002401, -0.005384, , 0.070509, -0.004715, , 
-0.004467, -0.004482, , 0.054775, -0.005067, , 
-0.004957, -0.003595, , 0.041488, -0.005079, , 
-0.004510, -0.002807, , 0.030979, -0.004766, , 
-0.003782, -0.002174, , 0.023456, -0.004180, , 
-0.003234, -0.001731, , 0.019115, -0.003412, , 
-0.003061, -0.001497, , 0.018102, -0.002590, , 
-0.003246, -0.001481, , 0.020379, -0.001859, , 
-0.003689, -0.001693, , 0.025643, -0.001360, , 
-0.004321, -0.002146, , 0.033293, -0.001199, , 
-0.005162, -0.002861, , 0.042408, -0.001444, , 
-0.006328, -0.003873, , 0.051664, -0.002127, , 
-0.008014, -0.005212, , 0.059296, -0.003245, , 
-0.010491, -0.006846, , 0.063378, -0.004753, , 
-0.014103, -0.008579, , 0.062474, -0.006542, , 
-0.019241, -0.010047, , 0.056213, -0.008420, , 
-0.026300, -0.010902, , 0.045202, -0.010132, , 
-0.035678, -0.010987, , 0.030417, -0.011440, , 
-0.047857, -0.010327, , 0.012591, -0.012195, , 
-0.063600, -0.009020, , -0.008014, -0.012345, , 
-0.084159, -0.007167, , -0.031497, -0.011898, , 
-0.111124, -0.004839, , -0.057968, -0.010885, , 
-0.144953, -0.002076, , -0.086969, -0.009352, , 
-0.181135, 0.001102, , -0.116579, -0.007359, , 
-0.206869, 0.004659, , -0.142496, -0.004988, , 
-0.207531, 0.008475, , -0.158375, -0.002340, , 
-0.181289, 0.012272, , -0.159021, 0.000463, , 
-0.140021, 0.015646, , -0.144634, 0.003293, , 
-0.096084, 0.018263, , -0.120835, 0.006020, , 
-0.055119, 0.019997, , -0.094135, 0.008509, , 
-0.017506, 0.020863, , -0.068492, 0.010631, , 
0.018670, 0.020893, , -0.045198, 0.012256, , 
0.055854, 0.020075, , -0.024118, 0.013270, , 
0.095871, 0.018358, , -0.004666, 0.013579, , 
0.138173, 0.015727, , 0.013643, 0.013138, , 
0.176977, 0.012331, , 0.030889, 0.011978, , 
0.200218, 0.008534, , 0.046600, 0.010237, , 
0.197351, 0.004753, , 0.059850, 0.008144, , 
0.171795, 0.001262, , 0.069563, 0.005947, , 
0.137944, -0.001821, , 0.074877, 0.003831, , 
0.106957, -0.004460, , 0.075414, 0.001897, , 
0.082270, -0.006627, , 0.071401, 0.000189, , 
0.063321, -0.008270, , 0.063674, -0.001278, , 
0.048756, -0.009304, , 0.053520, -0.002497, , 
0.037483, -0.009617, , 0.042358, -0.003460, , 
0.028789, -0.009099, , 0.031409, -0.004160, , 
0.022226, -0.007715, , 0.021509, -0.004589, , 
0.017501, -0.005604, , 0.013130, -0.004748, , 
0.014415, -0.003079, , 0.006492, -0.004652, , 
0.012869, -0.000473, , 0.001665, -0.004335, , 
0.012905, 0.001993, , -0.001416, -0.003848, , 
0.014692, 0.004165, , -0.002990, -0.003256, , 
0.018457, 0.005886, , -0.003469, -0.002624, , 
0.024407, 0.007027, , -0.003345, -0.002011, , 
0.032770, 0.007534, , -0.003026, -0.001459, , 
0.043925, 0.007436, , -0.002733, -0.000994, , 
0.058486, 0.006812, , -0.002509, -0.000625, , 
0.077103, 0.005762, , -0.002312, -0.000351, , 
0.099728, 0.004380, , -0.002117, -0.000162, , 
0.124366, 0.002752, , -0.001967, -0.000044, , 
0.146137, 0.000953, , -0.001942, 0.000016, , 
0.158292, -0.000948, , -0.002086, 0.000034, , 
0.155912, -0.002882, , -0.002360, 0.000018, , 
0.139481, -0.004776, , -0.002657, -0.000035, , 
0.114303, -0.006562, , -0.002861, -0.000136, , 
0.086617, -0.008173, , -0.002907, -0.000306, , 
0.060647, -0.009548, , -0.002804, -0.000568, , 
0.038189, -0.010620, , -0.002604, -0.000949, , 
0.019483, -0.011310, , -0.002367, -0.001478, , 
0.004117, -0.011532, , -0.002150, -0.002185, , 
-0.008412, -0.011221, , -0.002059, -0.003091, , 
-0.018423, -0.010378, , -0.002325, -0.004178, , 
-0.026010, -0.009106, , -0.003347, -0.005349, , 
-0.031220, -0.007596, , -0.005645, -0.006428, , 
-0.034334, -0.006055, , -0.009726, -0.007216, , 
-0.035990, -0.004635, , -0.015986, -0.007570, , 
-0.036945, -0.003413, , -0.024734, -0.007431, , 
-0.037718, -0.002406, , -0.036331, -0.006809, , 
-0.038417, -0.001604, , -0.051301, -0.005747, , 
-0.038846, -0.000988, , -0.070137, -0.004302, , 
-0.038744, -0.000541, , -0.092440, -0.002529, , 
-0.038007, -0.000247, , -0.115413, -0.000485, , 
-0.036770, -0.000087, , -0.133099, 0.001763, , 
-0.035332, -0.000041, , -0.138788, 0.004124, , 
-0.034012, -0.000079, , -0.129729, 0.006467, , 
999999, 999999, , -0.108791, 0.008633, , 
999999, 999999, , -0.081413, 0.010475, , 
999999, 999999, , -0.052127, 0.011894, , 
999999, 999999, , -0.023428, 0.012839, , 
999999, 999999, , 0.003772, 0.013284, , 
999999, 999999, , 0.029353, 0.013206, , 
999999, 999999, , 0.053266, 0.012583, , 
999999, 999999, , 0.074866, 0.011431, , 
999999, 999999, , 0.092374, 0.009844, , 
999999, 999999, , 0.103058, 0.008013, , 
999999, 999999, , 0.104798, 0.006179, , 
999999, 999999, , 0.098196, 0.004553, , 
999999, 999999, , 0.086652, 0.003269, , 
999999, 999999, , 0.074080, 0.002373, , 
999999, 999999, , 0.063080, 0.001832, , 
999999, 999999, , 0.054901, 0.001552, , 
999999, 999999, , 0.050071, 0.001413, , 
999999, 999999, , 0.048809, 0.001313, , 
999999, 999999, , 0.051170, 0.001185, , 
999999, 999999, , 0.057107, 0.000987, , 
999999, 999999, , 0.066515, 0.000668, , 
999999, 999999, , 0.079124, 0.000152, , 
999999, 999999, , 0.094081, -0.000635, , 
999999, 999999, , 0.109307, -0.001735, , 
999999, 999999, , 0.121246, -0.003140, , 
999999, 999999, , 0.125883, -0.004796, , 
999999, 999999, , 0.120812, -0.006612, , 
999999, 999999, , 0.106594, -0.008456, , 
999999, 999999, , 0.086077, -0.010177, , 
999999, 999999, , 0.062564, -0.011628, , 
999999, 999999, , 0.038468, -0.012697, , 
999999, 999999, , 0.014965, -0.013298, , 
999999, 999999, , -0.007689, -0.013367, , 
999999, 999999, , -0.029640, -0.012855, , 
999999, 999999, , -0.050878, -0.011744, , 
999999, 999999, , -0.070685, -0.010069, , 
999999, 999999, , -0.087321, -0.007926, , 
999999, 999999, , -0.098426, -0.005453, , 
999999, 999999, , -0.102347, -0.002785, , 
999999, 999999, , -0.099379, -0.000023, , 
999999, 999999, , -0.091451, 0.002774, , 
999999, 999999, , -0.080660, 0.005556, , 
999999, 999999, , -0.068271, 0.008245, , 
999999, 999999, , -0.054760, 0.010705, , 
999999, 999999, , -0.040274, 0.012747, , 
999999, 999999, , -0.024896, 0.014170, , 
999999, 999999, , -0.008591, 0.014835, , 
999999, 999999, , 0.008959, 0.014704, , 
999999, 999999, , 0.028392, 0.013851, , 
999999, 999999, , 0.050448, 0.012425, , 
999999, 999999, , 0.075369, 0.010591, , 
999999, 999999, , 0.102006, 0.008497, , 
999999, 999999, , 0.127097, 0.006252, , 
999999, 999999, , 0.145627, 0.003945, , 
999999, 999999, , 0.152826, 0.001652, , 
999999, 999999, , 0.146859, -0.000556, , 
999999, 999999, , 0.129979, -0.002617, , 
999999, 999999, , 0.107097, -0.004476, , 
999999, 999999, , 0.083166, -0.006084, , 
999999, 999999, , 0.061443, -0.007394, , 
999999, 999999, , 0.043257, -0.008345, , 
999999, 999999, , 0.028669, -0.008874, , 
999999, 999999, , 0.017255, -0.008926, , 
999999, 999999, , 0.008618, -0.008490, , 
999999, 999999, , 0.002538, -0.007629, , 
999999, 999999, , -0.001150, -0.006480, , 
999999, 999999, , -0.002780, -0.005221, , 
999999, 999999, , -0.002970, -0.004016, , 
999999, 999999, , -0.002473, -0.002969, , 
999999, 999999, , -0.001917, -0.002124, , 
999999, 999999, , -0.001643, -0.001479, , 
999999, 999999, , -0.001716, -0.001012, , 
999999, 999999, , -0.002046, -0.000696, , 
999999, 999999, , -0.002520, -0.000507, , 
999999, 999999, , -0.003073, -0.000427, , 
999999, 999999, , -0.003683, -0.000435, , 
999999, 999999, , -0.004331, -0.000510, , 
999999, 999999, , -0.004970, -0.000632, , 
999999, 999999, , -0.005543, -0.000786, , 
999999, 999999, , -0.006019, -0.000962, , 
999999, 999999, , -0.006428, -0.001157, , 
999999, 999999, , -0.006870, -0.001369, , 
999999, 999999, , -0.007484, -0.001596, , 
999999, 999999, , -0.008418, -0.001832, , 
999999, 999999, , -0.009805, -0.002069, , 
999999, 999999, , -0.011738, -0.002299, , 
999999, 999999, , -0.014272, -0.002516, , 
999999, 999999, , -0.017405, -0.002714, , 
999999, 999999, , -0.021079, -0.002893, , 
999999, 999999, , -0.025173, -0.003051, , 
999999, 999999, , -0.029517, -0.003194, , 
999999, 999999, , -0.033915, -0.003324, , 
999999, 999999, , -0.038179, -0.003448, , 
999999, 999999, , -0.042157, -0.003571, , 
999999, 999999, , -0.045752, -0.003694, , 
999999, 999999, , -0.048944, -0.003818, , 
999999, 999999, , -0.051800, -0.003936, , 
999999, 999999, , -0.054486, -0.004038, , 
999999, 999999, , -0.057245, -0.004109, , 
999999, 999999, , -0.060350, -0.004130, , 
999999, 999999, , -0.064046, -0.004079, , 
999999, 999999, , -0.068489, -0.003934, , 
999999, 999999, , -0.073707, -0.003670, , 
999999, 999999, , -0.079582, -0.003264, , 
